RateRatio,CPIRatio,GDPRatio,PMIRatio,UnemployRatio,US-M2,Gold/Euro,US International Trade,NASDAQ,US TREASURY EURODOLLAR SPREAD,Crude Oil Future,Baltic Dry Index,Copper Future,Housing Starts,FTSE EUROTOP 100 index,Date,lagSpot
1.126536029,-3.493980989,0.677055326,-0.423555048,-1.133636635,0.490312425,0.818116238,0.540161538,-1.432649146,0.81702941,-0.297750647,-1.688877438,-2.287460164,-1.437984451,-2.188345152,2022/9/7,0.9998
1.126536029,-3.493980989,0.677055326,-0.423555048,-1.133636635,0.490312425,0.82543888,0.540161538,-1.607619439,0.821177887,0.010531845,-1.708647486,-2.202561299,-1.437984451,-2.219956697,2022/9/6,1.0003
1.126536029,-3.493980989,0.677055326,-0.423555048,-1.133636635,0.490312425,0.844034535,0.540161538,-1.546728267,0.841823796,0.009907791,-1.737782294,-2.332648269,-1.437984451,-2.135799815,2022/9/2,0.9906
1.126536029,-3.493980989,0.677055326,-0.423555048,-1.133636635,0.490312425,0.710974434,0.540161538,-1.437447899,0.714185771,-0.006317603,-1.825186716,-2.35181898,-1.437984451,-2.352362643,2022/9/1,0.9955
1.697311128,-1.164369298,0.677055326,-0.39928794,-1.088718717,0.806393705,0.656440026,1.302862869,-1.415432717,0.648485472,0.177154163,-1.863686284,-2.066996984,-1.046843036,-2.032795474,2022/8/31,0.9947
1.697311128,-1.164369298,0.677055326,-0.39928794,-1.088718717,0.806393705,0.856174703,1.302862869,-1.368016874,0.850313702,0.307581372,-1.809578784,-1.994422148,-1.046843036,-1.924011179,2022/8/30,1.0061
1.697311128,-1.164369298,0.677055326,-0.39928794,-1.088718717,0.806393705,1.006866953,1.302862869,-1.272712678,1.008727638,0.64269817,-0.49056716,-1.771220295,-1.046843036,-1.856270321,2022/8/29,1.0016
1.697311128,-1.164369298,0.677055326,-0.39928794,-1.088718717,0.806393705,1.077588252,1.302862869,-1.184841096,1.06593803,0.396196987,-1.741944409,-1.538433086,-1.046843036,-1.790942777,2022/8/26,0.9999
1.697311128,-1.164369298,0.677055326,-0.39928794,-1.088718717,0.806393705,1.255355005,1.302862869,-0.832369369,1.253391304,0.362498091,-1.699282727,-1.541171759,-1.046843036,-1.584958599,2022/8/25,0.9965
1.697311128,-1.164369298,0.677055326,-0.39928794,-1.088718717,0.806393705,1.195810369,1.302862869,-0.979531832,1.195891484,0.510398801,-1.605635131,-1.678105411,-1.046843036,-1.643947019,2022/8/24,0.9975
1.697311128,-1.164369298,0.677055326,-0.39928794,-1.088718717,0.806393705,1.161991328,1.302862869,-1.015113018,1.163475477,0.438632633,-1.545284459,-1.557603797,-1.046843036,-1.671864,2022/8/23,0.9969
1.697311128,-1.164369298,0.677055326,-0.39928794,-1.088718717,0.806393705,1.093486092,1.302862869,-1.014920332,1.094398511,0.21958981,-1.546324987,-1.650718681,-1.046843036,-1.648994486,2022/8/22,0.9971
1.697311128,-1.164369298,-0.655111325,-0.39928794,-1.088718717,0.806393705,1.037795478,1.302862869,-0.78564989,1.023392021,0.253288706,-1.536960228,-1.615115931,-1.046843036,-1.453655744,2022/8/19,0.9944
1.697311128,-1.164369298,-0.655111325,-0.39928794,-1.088718717,0.806393705,1.056872885,1.302862869,-0.601374664,1.059860029,0.236439258,-1.494298545,-1.716446834,-1.046843036,-1.319434877,2022/8/18,1.0038
1.697311128,-1.164369298,-0.655111325,-0.39928794,-1.088718717,0.806393705,0.942119388,1.302862869,-0.620656101,0.946114578,0.087290441,-1.417299411,-1.849272476,-1.046843036,-1.261207638,2022/8/17,1.0092
1.697311128,-1.164369298,-0.655111325,-0.39928794,-1.088718717,0.806393705,1.08433279,1.302862869,-0.504175478,1.086583939,-0.011310032,-1.424583113,-1.743833564,-1.046843036,-1.181812664,2022/8/16,1.0183
1.697311128,-1.164369298,-0.655111325,-0.39928794,-1.088718717,0.806393705,1.138867198,1.302862869,-0.486108252,1.143022521,0.168417413,-1.406894123,-1.764373612,-1.046843036,-1.229468054,2022/8/15,1.0174
1.697311128,-1.164369298,-0.655111325,-0.39928794,-1.088718717,0.806393705,1.191667296,1.302862869,-0.543395046,1.191067673,0.335663785,-1.330935518,-1.635655979,-1.046843036,-1.15400548,2022/8/12,1.0164
1.697311128,-1.164369298,-0.655111325,-0.39928794,-1.088718717,0.806393705,0.974685872,1.302862869,-0.732733262,0.977469346,0.476075851,-1.248733739,-1.541171759,-1.046843036,-1.10909814,2022/8/11,1.0262
1.697311128,-1.164369298,-0.655111325,-0.39928794,-1.088718717,0.806393705,1.033941456,1.302862869,-0.679679202,1.034583262,0.325678927,-1.211274701,-1.691798776,-1.046843036,-1.132434363,2022/8/10,1.032
1.697311128,-1.164369298,-0.655111325,-0.39928794,-1.088718717,0.806393705,1.196099421,1.302862869,-0.935326491,1.191839483,0.236439258,-1.240409509,-1.864335178,-1.046843036,-1.286667551,2022/8/9,1.0301
1.697311128,-1.164369298,-0.655111325,-0.39928794,-1.088718717,0.806393705,1.179141725,1.302862869,-0.8286899,1.171097098,0.252664652,-1.238328451,-1.878028543,-1.046843036,-1.247546779,2022/8/8,1.0215
1.697311128,-1.164369298,-0.655111325,-0.39928794,-1.088718717,0.806393705,1.06294297,1.302862869,-0.819412595,1.061210696,0.143455268,-1.244571624,-1.972512763,-1.046843036,-1.344155787,2022/8/5,1.0199
1.697311128,-1.164369298,-0.655111325,-0.39928794,-1.088718717,0.806393705,1.109962035,1.302862869,-0.774765208,1.109738229,0.114124747,-1.199828884,-2.164219877,-1.046843036,-1.195764888,2022/8/4,1.0185
1.697311128,-1.164369298,-0.655111325,-0.39928794,-1.088718717,0.806393705,1.002049426,1.302862869,-0.811900641,0.997536397,0.246424116,-1.066641192,-2.201191963,-1.046843036,-1.299535148,2022/8/3,1.0247
1.697311128,-1.164369298,-0.655111325,-0.39928794,-1.088718717,0.806393705,0.946936915,1.302862869,-1.038166726,0.952964389,0.48106828,-0.977155712,-2.050564945,-1.046843036,-1.342246966,2022/8/2,1.0166
1.697311128,-1.164369298,-0.655111325,-0.39928794,-1.088718717,0.806393705,0.903193768,1.302862869,-1.023844142,0.904436855,0.447993438,-0.919926626,-1.975251436,-1.046843036,-1.207629388,2022/8/1,1.0168
0.851917604,0.377357463,-0.655111325,-1.79986846,-1.042586802,0.910432267,0.918031752,0.810849253,-1.008463197,0.915917524,0.743170804,-0.895994463,-1.887613899,-2.238459905,-1.242736618,2022/7/29,1.0265
0.851917604,0.377357463,-0.655111325,-1.79986846,-1.042586802,0.910432267,0.860221426,0.810849253,-1.17004742,0.858707132,0.605879006,-0.843968021,-2.186129261,-2.238459905,-1.404514399,2022/7/28,1.0222
0.851917604,0.377357463,-0.655111325,-1.79986846,-1.042586802,0.910432267,0.641312991,0.810849253,-1.262260833,0.6426969,0.65829951,-0.779455233,-2.310738885,-2.238459905,-1.505726137,2022/7/27,1.02
0.851917604,0.377357463,-0.655111325,-1.79986846,-1.042586802,0.910432267,0.626860409,0.810849253,-1.595104711,0.620989753,0.516015283,-0.723266675,-2.439456518,-2.238459905,-1.665305075,2022/7/26,1.0206
0.851917604,0.377357463,-0.655111325,-1.79986846,-1.042586802,0.910432267,0.47636086,0.810849253,-1.439190582,0.475407153,0.623352507,-0.668118647,-2.525724719,-2.238459905,-1.565460357,2022/7/25,1.0118
0.851917604,0.377357463,-0.655111325,-1.79986846,-1.042586802,0.910432267,0.568279279,0.810849253,-1.402745846,0.557797836,0.498541782,-0.634821724,-2.532571401,-2.238459905,-1.623948793,2022/7/22,1.0224
0.851917604,0.377357463,-0.655111325,-1.79986846,-1.042586802,0.910432267,0.459017762,0.810849253,-1.243002065,0.445885433,0.60151063,-0.663956531,-2.659919698,-2.238459905,-1.628289142,2022/7/21,1.0214
0.851917604,0.377357463,-0.655111325,-1.79986846,-1.042586802,0.910432267,0.324801455,0.810849253,-1.357734338,0.32635141,0.970326324,-0.669159176,-2.584606189,-2.238459905,-1.7283633,2022/7/20,1.0232
0.851917604,0.377357463,-0.655111325,-1.79986846,-1.042586802,0.910432267,0.398027868,0.810849253,-1.488438367,0.388482088,1.092640835,-0.635862253,-2.688675765,-2.238459905,-1.619957477,2022/7/19,1.0181
0.851917604,0.377357463,-0.655111325,-1.79986846,-1.042586802,0.910432267,0.500930249,0.810849253,-1.73857637,0.498175538,0.991544148,-0.618173262,-2.533940738,-2.238459905,-1.892806839,2022/7/18,1.0228
0.851917604,0.377357463,-0.655111325,-1.79986846,-1.042586802,0.910432267,0.573578559,0.810849253,-1.673138638,0.576321268,0.67889328,-0.630659608,-2.844780129,-2.238459905,-2.058792355,2022/7/15,1.0143
0.851917604,0.377357463,-0.655111325,-1.79986846,-1.042586802,0.910432267,0.710107279,0.810849253,-1.815695743,0.709844341,0.565939573,-0.776333646,-2.910508282,-2.238459905,-2.368149606,2022/7/14,1.0091
0.851917604,0.377357463,-0.655111325,-1.79986846,-1.042586802,0.910432267,0.883345556,0.810849253,-1.818248136,0.884273328,0.598390362,-0.784657877,-2.595560881,-2.238459905,-2.13144707,2022/7/13,1.002
0.851917604,0.377357463,-0.655111325,-1.79986846,-1.042586802,0.910432267,0.832183418,0.810849253,-1.80610178,0.832947984,0.569683895,-0.77321206,-2.6749824,-2.238459905,-2.051149383,2022/7/12,1.0064
0.851917604,0.377357463,-0.655111325,-1.79986846,-1.042586802,0.910432267,0.906566037,0.810849253,-1.729685147,0.905015713,1.084528138,-0.702456098,-2.2888295,-2.238459905,-2.086731066,2022/7/11,1.004
0.851917604,0.377357463,-0.655111325,-1.79986846,-1.042586802,0.910432267,0.753850426,0.810849253,-1.543580104,0.75161854,1.128211892,-0.717023502,-2.030024897,-2.238459905,-1.884503425,2022/7/8,1.0043
0.851917604,0.377357463,-0.655111325,-1.79986846,-1.042586802,0.910432267,0.770230018,0.810849253,-1.55347089,0.76155559,0.999656845,-0.710780329,-1.893091245,-2.238459905,-1.944472962,2022/7/7,1.0187
0.851917604,0.377357463,-0.655111325,-1.79986846,-1.042586802,0.910432267,0.730822646,0.810849253,-1.737298403,0.716694152,0.737554321,-0.741996194,-2.342233625,-2.238459905,-2.131486381,2022/7/6,1.0163
0.851917604,0.377357463,-0.655111325,-1.79986846,-1.042586802,0.910432267,0.827943994,0.810849253,-1.76536126,0.83101846,0.798087523,-0.684767108,-2.323062913,-2.238459905,-2.235038663,2022/7/5,1.0185
0.851917604,0.377357463,-0.655111325,-1.79986846,-1.042586802,0.910432267,0.998484456,0.810849253,-1.903070732,0.999080017,1.355367413,-0.564065763,-1.791760342,-2.238459905,-1.865984385,2022/7/1,1.027
0.06500844,0.674558773,-0.221556544,-1.684382983,-0.965717978,0.825521871,0.873228749,-0.227636423,-1.973280298,0.873757421,1.188745094,-0.537012013,-1.530217066,-0.437390134,-1.780861742,2022/6/30,1.043
0.06500844,0.674558773,-0.221556544,-1.684382983,-0.965717978,0.825521871,1.041456798,-0.227636423,-1.867616351,1.040757739,1.439614652,-0.59320057,-1.353572655,-0.437390134,-1.637825249,2022/6/29,1.0485
0.06500844,0.674558773,-0.221556544,-1.684382983,-0.965717978,0.825521871,0.939325222,-0.227636423,-1.865032788,0.927977051,1.563177271,-0.574471051,-1.33987929,-0.437390134,-1.522227837,2022/6/28,1.0443
0.06500844,0.674558773,-0.221556544,-1.684382983,-0.965717978,0.825521871,0.859354271,-0.227636423,-1.622041201,0.858224751,1.426509526,-0.479782927,-1.353572655,-0.437390134,-1.473258227,2022/6/27,1.0521
0.06500844,0.674558773,-0.221556544,-1.684382983,-0.965717978,0.825521871,0.942890192,-0.227636423,-1.563194492,0.94148372,1.304819069,-0.442323888,-1.405607443,-0.437390134,-1.552095461,2022/6/24,1.0585
0.06500844,0.674558773,-0.221556544,-1.684382983,-0.965717978,0.825521871,0.948382173,-0.227636423,-1.82914982,0.950552484,1.095761103,-0.418391725,-1.409715452,-0.437390134,-1.934191915,2022/6/23,1.0558
0.06500844,0.674558773,-0.221556544,-1.684382983,-0.965717978,0.825521871,1.021608586,-0.227636423,-1.956034824,1.021944878,1.2155794,-0.423594369,-0.881151555,-0.437390134,-1.808846033,2022/6/22,1.0527
0.06500844,0.674558773,-0.221556544,-1.684382983,-0.965717978,0.825521871,1.038566282,-0.227636423,-1.944543037,1.04124012,1.493907318,-0.283122976,-0.630562971,-0.437390134,-1.781328759,2022/6/21,1.0568
0.06500844,0.674558773,-0.221556544,-1.684382983,-0.965717978,0.825521871,1.145322684,-0.227636423,-2.136487483,1.148039284,1.425885472,-0.185313265,-0.700399134,-0.437390134,-1.989398175,2022/6/17,1.0529
0.06500844,0.674558773,-0.221556544,-1.684382983,-0.965717978,0.825521871,1.224908233,-0.227636423,-2.244343244,1.231394729,1.927000535,-0.30601461,-0.441594531,-0.437390134,-1.90568341,2022/6/16,1.0502
0.06500844,0.674558773,-0.221556544,-1.684382983,-0.965717978,0.825521871,1.183959252,-0.227636423,-1.923394945,1.180165861,1.784716308,-0.384054273,-0.289598177,-0.437390134,-1.752378958,2022/6/15,1.0551
0.06500844,0.674558773,-0.221556544,-1.684382983,-0.965717978,0.825521871,0.992896124,-0.227636423,-2.115238798,0.987985253,2.010623722,-0.491228744,-0.306030215,-0.437390134,-1.943422371,2022/6/14,1.0446
0.06500844,0.674558773,-0.221556544,-1.684382983,-0.965717978,0.825521871,1.107842323,-0.227636423,-2.128783551,1.10867699,2.135434447,-0.516201436,-0.155403197,-0.437390134,-1.820958678,2022/6/13,1.0418
0.06500844,0.674558773,-0.221556544,-1.684382983,-0.965717978,0.825521871,1.41047938,-0.227636423,-1.752761523,1.413445335,2.119209053,-0.453769706,0.076014675,-0.437390134,-1.41928053,2022/6/10,1.0412
0.06500844,0.674558773,-0.221556544,-1.684382983,-0.965717978,0.825521871,1.035097662,-0.227636423,-1.459337693,1.039600025,2.171629558,-0.430878071,0.317017903,-0.437390134,-0.953504004,2022/6/9,1.0519
0.06500844,0.674558773,-0.221556544,-1.684382983,-0.965717978,0.825521871,0.926896002,-0.227636423,-1.224114503,0.930967813,2.209072775,-0.36012211,0.50735568,-0.437390134,-0.65117364,2022/6/8,1.0618
0.06500844,0.674558773,-0.221556544,-1.684382983,-0.965717978,0.825521871,0.944046399,-0.227636423,-1.161093857,0.943316768,2.040578296,-0.251907111,0.455320892,-0.437390134,-0.583952651,2022/6/7,1.0718
0.06500844,0.674558773,-0.221556544,-1.684382983,-0.965717978,0.825521871,0.851935279,-0.227636423,-1.241754559,0.855812846,1.983789416,-0.204042784,0.455320892,-0.437390134,-0.554187244,2022/6/6,1.0703
0.06500844,0.674558773,-0.221556544,-1.684382983,-0.965717978,0.825521871,0.900495953,-0.227636423,-1.27620867,0.906848761,2.0068794,-0.49056716,0.559390468,-0.437390134,-0.65130468,2022/6/3,1.0696
0.06500844,0.674558773,-0.221556544,-1.684382983,-0.965717978,0.825521871,1.018910771,-0.227636423,-1.060736591,1.014709163,1.882068674,-0.49056716,0.768898956,-0.437390134,-0.569836814,2022/6/2,1.0722
0.06500844,0.674558773,-0.221556544,-1.684382983,-0.965717978,0.825521871,0.970542798,-0.227636423,-1.28915411,0.972356107,1.78159604,-0.128084179,0.155436193,-0.437390134,-0.222059246,2022/6/1,1.0749
-0.154844457,-0.671599256,-0.221556544,-0.242199377,-0.916596277,0.822722627,0.754717581,-0.668683734,-1.227571532,0.757310636,1.744776876,-0.197799611,0.059582637,-0.555642189,-0.533372587,2022/5/31,1.065
-0.154844457,-0.671599256,-0.221556544,-0.242199377,-0.916596277,0.822722627,0.91244342,-0.668683734,-1.192335339,0.913312667,1.769739021,-0.078138795,0.084230694,-0.555642189,-0.529207875,2022/5/27,1.0737
-0.154844457,-0.671599256,-0.221556544,-0.242199377,-0.916596277,0.822722627,0.888355785,-0.668683734,-1.468955034,0.891509043,1.708581766,0.184074473,-0.049964285,-0.555642189,-0.723489441,2022/5/26,1.0731
-0.154844457,-0.671599256,-0.221556544,-0.242199377,-0.916596277,0.822722627,0.987211442,-0.668683734,-1.685663284,0.982775537,1.473937602,0.385937068,0.010286522,-0.555642189,-0.878059648,2022/5/25,1.0728
-0.154844457,-0.671599256,-0.221556544,-0.242199377,-0.916596277,0.822722627,1.015538502,-0.668683734,-1.806300134,1.02011183,1.438990599,0.517043702,0.143112165,-0.555642189,-0.909464541,2022/5/24,1.0684
-0.154844457,-0.671599256,-0.221556544,-0.242199377,-0.916596277,0.822722627,0.968615787,-0.668683734,-1.614444238,0.970523059,1.471441387,0.637745047,0.203362972,-0.555642189,-0.841597253,2022/5/23,1.0738
-0.154844457,-0.671599256,-0.221556544,-0.242199377,-0.916596277,0.822722627,1.112081747,-0.668683734,-1.742423732,1.112150134,1.654913154,0.611731826,0.021241214,-0.555642189,-1.161501483,2022/5/20,1.0693
-0.154844457,-0.671599256,-0.533685688,-0.242199377,-0.916596277,0.822722627,1.023150195,-0.668683734,-1.7184243,1.027733451,1.591259684,0.55450274,0.032195906,-0.555642189,-1.217861831,2022/5/19,1.0564
-0.154844457,-0.671599256,-0.533685688,-0.242199377,-0.916596277,0.822722627,0.986922391,-0.668683734,-1.69741364,0.985862776,1.427757633,0.450449856,-0.249887417,-0.555642189,-1.170477232,2022/5/18,1.059
-0.154844457,-0.671599256,-0.533685688,-0.242199377,-0.916596277,0.822722627,0.847984907,-0.668683734,-1.296193556,0.839604843,1.603116703,0.352640145,-0.092413717,-0.555642189,-0.92666846,2022/5/17,1.047
-0.154844457,-0.671599256,-0.533685688,-0.242199377,-0.916596277,0.822722627,1.113141603,-0.668683734,-1.524110939,1.112053658,1.715446356,0.342234857,-0.210176658,-0.555642189,-1.221281052,2022/5/16,1.0551
-0.154844457,-0.671599256,-0.533685688,-0.242199377,-0.916596277,0.822722627,1.030761888,-0.668683734,-1.423368299,1.024935641,1.48392246,0.362004905,-0.253995427,-0.555642189,-1.25411648,2022/5/13,1.0435
-0.154844457,-0.671599256,-0.533685688,-0.242199377,-0.916596277,0.822722627,1.17287894,-0.668683734,-1.73084481,1.179779957,1.211835078,0.37553178,-0.460765242,-0.555642189,-1.546710336,2022/5/12,1.0415
-0.154844457,-0.671599256,-0.533685688,-0.242199377,-0.916596277,0.822722627,1.242154981,-0.668683734,-1.735609559,1.244226064,1.185624826,0.307897405,-0.16635789,-0.555642189,-1.290432493,2022/5/11,1.0381
-0.154844457,-0.671599256,-0.533685688,-0.242199377,-0.916596277,0.822722627,1.088668565,-0.668683734,-1.47106538,1.089188796,0.814312917,0.190317646,-0.325200926,-0.555642189,-1.489952267,2022/5/10,1.0515
-0.154844457,-0.671599256,-0.533685688,-0.242199377,-0.916596277,0.822722627,1.182706695,-0.668683734,-1.552123499,1.186436815,1.022122775,0.077940531,-0.219762014,-0.555642189,-1.539551555,2022/5/9,1.0531
-0.154844457,-0.671599256,-0.533685688,-0.242199377,-0.916596277,0.822722627,1.471180223,-0.668683734,-1.182749876,1.462358774,1.438990599,-0.039639228,-0.03216291,-0.555642189,-1.187343727,2022/5/6,1.0559
-0.154844457,-0.671599256,-0.533685688,-0.242199377,-0.916596277,0.822722627,1.421463342,-0.668683734,-1.060174824,1.419040956,1.344758501,-0.116638362,0.032195906,-0.555642189,-0.977282706,2022/5/5,1.0555
-0.154844457,-0.671599256,-0.533685688,-0.242199377,-0.916596277,0.822722627,1.332339089,-0.668683734,-0.601718241,1.329993414,1.316676088,-0.282082447,0.151328184,-0.555642189,-0.81394472,2022/5/4,1.0544
-0.154844457,-0.671599256,-0.533685688,-0.242199377,-0.916596277,0.822722627,1.375407782,-0.668683734,-0.885859808,1.370127517,0.979687129,-0.358041052,-0.006145516,-0.555642189,-0.790715494,2022/5/3,1.0625
-0.154844457,-0.671599256,-0.533685688,-0.242199377,-0.916596277,0.822722627,1.35555957,-0.668683734,-0.905511033,1.355849039,1.15192593,-0.49056716,-0.048594949,-0.555642189,-0.858693651,2022/5/2,1.0524
-0.669517195,-1.310568642,-0.533685688,1.059771935,-0.814142443,0.851648147,1.60009725,-0.718611837,-1.048168024,1.602635182,1.121971356,-0.366365283,0.333449941,1.654761621,-0.634283146,2022/4/29,1.0506
-0.669517195,-1.310568642,-0.533685688,1.059771935,-0.814142443,0.851648147,1.648368872,-0.718611837,-0.667832503,1.651259191,1.163782949,-0.367405812,0.384115393,1.654761621,-0.794796132,2022/4/28,1.0545
-0.669517195,-1.310568642,-0.533685688,1.059771935,-0.814142443,0.851648147,1.47773206,-0.718611837,-0.938865695,1.481171634,0.955349037,-0.344514178,0.496400988,1.654761621,-0.80969872,2022/4/27,1.0498
-0.669517195,-1.310568642,-0.533685688,1.059771935,-0.814142443,0.851648147,1.525521929,-0.718611837,-0.937583478,1.526901358,0.935379321,-0.366365283,0.456690228,1.654761621,-0.825953476,2022/4/26,1.0559
-0.669517195,-1.310568642,-0.533685688,1.059771935,-0.814142443,0.851648147,1.338216473,-0.718611837,-0.573384772,1.334141891,0.738178375,-0.416310668,0.481338286,1.654761621,-0.64248102,2022/4/25,1.064
-0.669517195,-1.310568642,-0.533685688,1.059771935,-0.814142443,0.851648147,1.504228459,-0.718611837,-0.690668021,1.508088497,0.958469305,-0.467296581,0.846951138,1.654761621,-0.293654568,2022/4/22,1.0715
-0.669517195,-1.310568642,-0.533685688,1.059771935,-0.814142443,0.851648147,1.613875378,-0.718611837,-0.453097168,1.615177089,1.065806529,-0.538052542,1.178330576,1.654761621,0.001077852,2022/4/21,1.0796
-0.669517195,-1.310568642,-0.533685688,1.059771935,-0.814142443,0.851648147,1.648754275,-0.718611837,-0.255867292,1.646242428,1.000904952,-0.638983839,1.030442232,1.654761621,0.004876475,2022/4/20,1.084
-0.669517195,-1.310568642,-0.533685688,1.059771935,-0.814142443,0.851648147,1.681802511,-0.718611837,-0.137852259,1.686280055,0.989047933,-0.667078118,1.207086643,1.654761621,-0.183563197,2022/4/19,1.0854
-0.669517195,-1.310568642,-0.533685688,1.059771935,-0.814142443,0.851648147,1.948597166,-0.718611837,-0.341377044,1.952843821,1.341638233,-0.49056716,1.431657833,1.654761621,-0.222059246,2022/4/18,1.079
-0.669517195,-1.310568642,-0.533685688,1.059771935,-0.814142443,0.851648147,1.831627606,-0.718611837,-0.328114946,1.825495225,1.263007476,-0.644186483,1.215302662,1.654761621,-0.008089323,2022/4/14,1.0784
-0.669517195,-1.310568642,-0.533685688,1.059771935,-0.814142443,0.851648147,1.769096103,-0.718611837,-0.120900066,1.773301596,1.094512996,-0.715982973,1.187915932,1.654761621,-0.018461676,2022/4/13,1.083
-0.669517195,-1.310568642,-0.533685688,1.059771935,-0.814142443,0.851648147,1.769096103,-0.718611837,-0.31359755,1.766548261,0.866733422,-0.750320425,1.179699913,1.654761621,-0.100568303,2022/4/12,1.0889
-0.669517195,-1.310568642,-0.533685688,1.059771935,-0.814142443,0.851648147,1.563580394,-0.718611837,-0.284989219,1.56143984,0.472955583,-0.75448254,0.972930098,1.654761621,0.037404275,2022/4/11,1.0828
-0.669517195,-1.310568642,-0.533685688,1.059771935,-0.814142443,0.851648147,1.515212421,-0.718611837,-0.07314702,1.515324212,0.720704873,-0.729509848,1.223518681,1.654761621,0.098626393,2022/4/8,1.0884
-0.669517195,-1.310568642,-0.533685688,1.059771935,-0.814142443,0.851648147,1.368085141,-0.718611837,0.058832143,1.377266757,0.581540914,-0.723266675,1.155051855,1.654761621,-0.101201795,2022/4/7,1.088
-0.669517195,-1.310568642,-0.533685688,1.059771935,-0.814142443,0.851648147,1.2898485,-0.718611837,0.052822722,1.293621884,0.594021987,-0.653551243,1.260490767,1.654761621,-0.05223416,2022/4/6,1.088
-0.669517195,-1.310568642,-0.533685688,1.059771935,-0.814142443,0.851648147,1.264508307,-0.718611837,0.276219756,1.260819972,0.951604715,-0.565106292,1.417964468,1.654761621,0.144643348,2022/4/5,1.0897
-0.669517195,-1.310568642,-0.533685688,1.059771935,-0.814142443,0.851648147,1.235603144,-0.718611837,0.508850883,1.239305778,1.033979794,-0.467296581,1.378253708,1.654761621,0.211321442,2022/4/4,1.0907
-0.669517195,-1.310568642,-0.533685688,1.059771935,-0.814142443,0.851648147,1.044154614,-0.718611837,0.316834179,1.042976692,0.78373429,-0.415270139,1.120818442,1.654761621,0.189714675,2022/4/1,1.0974
-0.722715525,-1.287575145,-0.024515391,-0.239827844,-0.49472755,0.897602399,1.130484701,-2.650612363,0.287802928,1.126910994,0.846763706,-0.41422961,1.286508161,0.845189855,0.127040193,2022/3/31,1.1057
-0.722715525,-1.287575145,-0.024515391,-0.239827844,-0.49472755,0.897602399,0.952428896,-2.650612363,0.444896556,0.954122103,1.317300141,-0.402783793,1.276922806,0.845189855,0.358356635,2022/3/30,1.1069
-0.722715525,-1.287575145,-0.024515391,-0.239827844,-0.49472755,0.897602399,0.947900421,-2.650612363,0.570540431,0.946789911,1.093888942,-0.352838408,1.213933326,0.845189855,0.305450611,2022/3/29,1.116
-0.722715525,-1.287575145,-0.024515391,-0.239827844,-0.49472755,0.897602399,1.140408807,-2.650612363,0.383000862,1.135883281,1.201226166,-0.283122976,1.207086643,0.845189855,-0.035511059,2022/3/28,1.1089
-0.722715525,-1.287575145,-0.024515391,-0.239827844,-0.49472755,0.897602399,1.446418133,-2.650612363,0.251519001,1.446536675,1.696724747,-0.220691246,1.130403798,0.845189855,-0.043340367,2022/3/25,1.0982
-0.722715525,-1.287575145,-0.024515391,-0.239827844,-0.49472755,0.897602399,1.421945095,-2.650612363,0.267485799,1.421163432,1.599372381,-0.196759082,1.248166739,0.845189855,-0.028373239,2022/3/24,1.0985
-0.722715525,-1.287575145,-0.024515391,-0.239827844,-0.49472755,0.897602399,1.284452869,-2.650612363,0.076757688,1.28937693,1.761002271,-0.188434852,1.339912286,0.845189855,-0.014275317,2022/3/23,1.0998
-0.722715525,-1.287575145,-0.024515391,-0.239827844,-0.49472755,0.897602399,1.052537111,-2.650612363,0.208672386,1.05320317,1.563177271,-0.218610188,1.138619817,0.845189855,0.131289701,2022/3/22,1.1006
-0.722715525,-1.287575145,-0.024515391,-0.239827844,-0.49472755,0.897602399,1.198989937,-2.650612363,0.017149442,1.199750532,1.585643201,-0.173867448,1.17285323,0.845189855,-0.012207247,2022/3/21,1.1031
-0.722715525,-1.287575145,-0.024515391,-0.239827844,-0.49472755,0.897602399,1.017947266,-2.650612363,0.056378928,1.020787164,1.122595409,-0.157218986,1.252274748,0.845189855,0.011774916,2022/3/18,1.1018
-0.722715525,-1.287575145,-0.024515391,-0.239827844,-0.49472755,0.897602399,1.146093489,-2.650612363,-0.141306454,1.144276712,1.015258185,-0.174907977,1.142727827,0.845189855,-0.059559498,2022/3/17,1.1059
-0.722715525,-1.287575145,-0.024515391,-0.239827844,-0.49472755,0.897602399,1.095316752,-2.650612363,-0.267564518,1.092083082,0.519759605,-0.17178639,0.862013839,0.845189855,-0.214157286,2022/3/16,1.1093
-0.722715525,-1.287575145,-0.024515391,-0.239827844,-0.49472755,0.897602399,1.138963548,-2.650612363,-0.613219238,1.13694452,0.607127113,-0.069814564,0.625118621,0.845189855,-0.662553809,2022/3/15,1.1034
-0.722715525,-1.287575145,-0.024515391,-0.239827844,-0.49472755,0.897602399,1.443720318,-2.650612363,-0.873488886,1.444221246,1.017130346,-0.030274468,0.655244024,0.845189855,-0.660314474,2022/3/14,1.0955
-0.722715525,-1.287575145,-0.024515391,-0.239827844,-0.49472755,0.897602399,1.798868421,-2.650612363,-0.68746956,1.803112745,1.411532239,-0.039639228,0.938696685,0.845189855,-0.799659384,2022/3/11,1.0941
-0.722715525,-1.287575145,-0.024515391,-0.239827844,-0.49472755,0.897602399,1.780176416,-2.650612363,-0.484755902,1.77880074,1.204970488,-0.054206631,1.014010193,0.845189855,-0.826717399,2022/3/10,1.0913
-0.722715525,-1.287575145,-0.024515391,-0.239827844,-0.49472755,0.897602399,1.592003804,-2.650612363,-0.395791246,1.591347465,1.37221686,-0.206123842,0.796285686,0.845189855,-0.465001531,2022/3/9,1.0987
-0.722715525,-1.287575145,-0.024515391,-0.239827844,-0.49472755,0.897602399,2.383812571,-2.650612363,-0.721655184,2.388626858,2.308297302,-0.420472783,1.170114557,0.845189855,-1.241633268,2022/3/8,1.1078
-0.722715525,-1.287575145,-0.024515391,-0.239827844,-0.49472755,0.897602399,2.004095079,-2.650612363,-0.696569764,2.002722021,2.039954242,-0.542214657,1.228996027,0.845189855,-1.255842836,2022/3/7,1.0903
-0.722715525,-1.287575145,-0.024515391,-0.239827844,-0.49472755,0.897602399,1.624377587,-2.650612363,-0.354780115,1.630323854,1.807806293,-0.632740666,1.795901348,0.845189855,-1.053266094,2022/3/4,1.0856
-0.722715525,-1.287575145,-0.024515391,-0.239827844,-0.49472755,0.897602399,1.12499272,-2.650612363,-0.195740491,1.124113184,1.307939337,-0.678523935,1.364560343,0.845189855,-0.399276078,2022/3/3,1.0928
-0.722715525,-1.287575145,-0.024515391,-0.239827844,-0.49472755,0.897602399,0.971024551,-2.650612363,-0.044088142,0.974768012,1.49078705,-0.644186483,1.04687427,0.845189855,-0.077042944,2022/3/2,1.1068
-0.722715525,-1.287575145,-0.024515391,-0.239827844,-0.49472755,0.897602399,1.113045252,-2.650612363,-0.199623982,1.111378324,1.042092491,-0.714942444,0.85790583,0.845189855,-0.222059246,2022/3/1,1.1123
-0.992339504,1.316596388,-0.024515391,-0.225778117,-0.49472755,0.600416015,0.656632727,-0.839043331,-0.044525229,0.656396522,0.562195252,-0.745117781,0.469014257,1.400064886,0.184078246,2022/2/28,1.1129
-0.992339504,1.316596388,-0.024515391,-0.225778117,-0.49472755,0.600416015,0.406410366,-0.839043331,-0.084745069,0.409127997,0.304461103,-0.707658743,0.544327766,1.400064886,0.307142265,2022/2/25,1.1223
-0.992339504,1.316596388,-0.024515391,-0.225778117,-0.49472755,0.600416015,0.656343676,-0.839043331,-0.241330769,0.652633949,0.380595646,-0.592160041,0.495031651,1.400064886,-0.237674193,2022/2/24,1.1271
-0.992339504,1.316596388,-0.024515391,-0.225778117,-0.49472755,0.600416015,0.522223719,-0.839043331,-0.550265891,0.527600782,0.336287838,-0.532849898,0.57034516,1.400064886,0.357496057,2022/2/23,1.1195
-0.992339504,1.316596388,-0.024515391,-0.225778117,-0.49472755,0.600416015,0.412095048,-0.839043331,-0.306553145,0.415784856,0.351889179,-0.632740666,0.648397342,1.400064886,0.399239366,2022/2/22,1.1313
-0.992339504,1.316596388,-0.024515391,-0.225778117,-0.49472755,0.600416015,0.417297977,-0.839043331,-0.188567865,0.419836856,0.272010315,-0.824197973,0.674414736,1.400064886,0.559313075,2022/2/18,1.1328
-0.992339504,1.316596388,-1.293062294,-0.225778117,-0.49472755,0.600416015,0.361221961,-0.839043331,-0.069092804,0.367932656,0.315070015,-0.905359222,0.689477437,1.400064886,0.709613197,2022/2/17,1.1325
-0.992339504,1.316596388,-1.293062294,-0.225778117,-0.49472755,0.600416015,0.102520751,-0.839043331,0.219495437,0.105517367,0.433640204,-0.894953934,0.73192687,1.400064886,0.813422002,2022/2/16,1.1362
-0.992339504,1.316596388,-1.293062294,-0.225778117,-0.49472755,0.600416015,-0.009534931,-0.839043331,0.230590516,-0.009385798,0.334415678,-0.820035857,0.707278812,1.400064886,0.790649854,2022/2/15,1.1375
-0.992339504,1.316596388,-1.293062294,-0.225778117,-0.49472755,0.600416015,0.213131175,-0.839043331,-0.016528962,0.213474245,0.545969857,-0.803387396,0.641550659,1.400064886,0.525877485,2022/2/14,1.136
-0.992339504,1.316596388,-1.293062294,-0.225778117,-0.49472755,0.600416015,0.058392202,-0.839043331,-0.016362486,0.057858119,0.398693201,-0.810671098,0.634703976,1.400064886,0.844664287,2022/2/11,1.1309
-0.992339504,1.316596388,-1.293062294,-0.225778117,-0.49472755,0.600416015,-0.33365816,-0.839043331,0.263095089,-0.33180929,0.197747933,-0.849170665,1.052351616,1.400064886,1.007205145,2022/2/10,1.1353
-0.992339504,1.316596388,-1.293062294,-0.225778117,-0.49472755,0.600416015,-0.274209874,-0.839043331,0.478969543,-0.273441183,0.184018753,-1.087451769,0.896247252,1.400064886,1.038605091,2022/2/9,1.1428
-0.992339504,1.316596388,-1.293062294,-0.225778117,-0.49472755,0.600416015,-0.324986611,-0.839043331,0.269338993,-0.320714526,0.165297144,-1.303881768,0.510094353,1.400064886,0.782686854,2022/2/8,1.1426
-0.992339504,1.316596388,-1.293062294,-0.225778117,-0.49472755,0.600416015,-0.407366325,-0.839043331,0.14268493,-0.402622827,0.287611656,-1.388164604,0.515571699,1.400064886,0.821901998,2022/2/7,1.1416
-0.992339504,1.316596388,-1.293062294,-0.225778117,-0.49472755,0.600416015,-0.520770915,-0.839043331,0.2010145,-0.51810485,0.349392965,-1.387124075,0.575822506,1.400064886,0.696201607,2022/2/4,1.1443
-0.992339504,1.316596388,-1.293062294,-0.225778117,-0.49472755,0.600416015,-0.535030796,-0.839043331,0.045739354,-0.534505805,0.222086025,-1.385043017,0.529265064,1.400064886,0.848879598,2022/2/3,1.145
-0.992339504,1.316596388,-1.293062294,-0.225778117,-0.49472755,0.600416015,-0.333369108,-0.839043331,0.427379054,-0.333545861,0.096651245,-1.39128619,0.596362554,1.400064886,0.932651082,2022/2/2,1.1442
-0.992339504,1.316596388,-1.293062294,-0.225778117,-0.49472755,0.600416015,-0.338475687,-0.839043331,0.376696743,-0.337211957,0.092906924,-1.369435085,0.426564825,1.400064886,0.849575626,2022/2/1,1.1307
-0.825194655,1.379317153,-1.293062294,1.059771935,-0.49472755,0.580821308,-0.32132529,-0.857542212,0.301520532,-0.321486335,0.089786656,-1.392326719,0.122572117,0.390374256,0.611310673,2022/1/31,1.1273
-0.825194655,1.379317153,-1.293062294,1.059771935,-0.49472755,0.580821308,-0.249351434,-0.857542212,-0.030942223,-0.246620797,0.006787523,-1.430826286,0.081492021,0.390374256,0.420743779,2022/1/28,1.1237
-0.825194655,1.379317153,-1.293062294,1.059771935,-0.49472755,0.580821308,-0.196454986,-0.857542212,-0.32690782,-0.196839073,-0.006317603,-1.513028065,0.382746056,0.390374256,0.591500922,2022/1/27,1.1147
-0.825194655,1.379317153,-1.293062294,1.059771935,-0.49472755,0.580821308,-0.135465092,-0.857542212,-0.192780765,-0.135866109,0.039862365,-1.519271238,0.63333464,0.390374256,0.581188129,2022/1/26,1.1147
-0.825194655,1.379317153,-1.293062294,1.059771935,-0.49472755,0.580821308,0.022068047,-0.857542212,-0.194781308,0.022161922,-0.06934702,-1.470366382,0.464906248,0.390374256,0.409325436,2022/1/25,1.1241
-0.825194655,1.379317153,-1.293062294,1.059771935,-0.49472755,0.580821308,-0.055783192,-0.857542212,0.028957888,-0.052800093,-0.2122553,-1.420420998,0.355359326,0.390374256,0.316433659,2022/1/24,1.1303
-0.825194655,1.379317153,-1.293062294,1.059771935,-0.49472755,0.580821308,-0.157529366,-0.857542212,-0.032111803,-0.156897922,-0.098053486,-1.395448306,0.655244024,0.390374256,0.887408655,2022/1/21,1.1327
-0.825194655,1.379317153,-1.293062294,1.059771935,-0.49472755,0.580821308,-0.068212412,-0.857542212,0.240694533,-0.066499714,0.011779952,-1.334057104,0.830519099,0.390374256,1.088837274,2022/1/20,1.1344
-0.825194655,1.379317153,-1.293062294,1.059771935,-0.49472755,0.580821308,-0.102513206,-0.857542212,0.372624816,-0.102871245,0.015524274,-1.234166336,0.518310372,0.390374256,1.051138268,2022/1/19,1.1314
-0.825194655,1.379317153,-1.293062294,1.059771935,-0.49472755,0.580821308,-0.306776358,-0.857542212,0.49067527,-0.306146618,-0.079955931,-1.157167201,0.281415154,0.390374256,0.999502412,2022/1/18,1.1344
-0.825194655,1.379317153,-1.293062294,1.059771935,-0.49472755,0.580821308,-0.396864116,-0.857542212,0.764726987,-0.393264635,-0.180428565,-1.032303741,0.378638047,0.390374256,1.112970795,2022/1/14,1.1329
-0.825194655,1.379317153,-1.293062294,1.059771935,-0.49472755,0.580821308,-0.403705005,-0.857542212,0.703137325,-0.403877018,-0.286517682,-0.918886097,0.714125495,0.390374256,1.268452476,2022/1/13,1.1418
-0.825194655,1.379317153,-1.293062294,1.059771935,-0.49472755,0.580821308,-0.361407116,-0.857542212,0.973451484,-0.357568438,-0.254066893,-0.758644656,0.796285686,0.390374256,1.248993061,2022/1/12,1.1456
-0.825194655,1.379317153,-1.293062294,1.059771935,-0.49472755,0.580821308,-0.293287282,-0.857542212,0.948697599,-0.290710425,-0.342682508,-0.62961908,0.403286104,0.390374256,1.028061872,2022/1/11,1.1446
-0.825194655,1.379317153,-1.293062294,1.059771935,-0.49472755,0.580821308,-0.410642244,-0.857542212,0.799492089,-0.408025495,-0.529274543,-0.498512446,0.195146953,0.390374256,0.846558491,2022/1/10,1.1368
-0.825194655,1.379317153,-1.293062294,1.059771935,-0.49472755,0.580821308,-0.502464312,-0.857542212,0.794585658,-0.502282751,-0.48746295,-0.4860261,0.355359326,0.390374256,1.082343071,2022/1/7,1.1328
-0.825194655,1.379317153,-1.293062294,1.059771935,-0.49472755,0.580821308,-0.450916771,-0.857542212,0.897278544,-0.456842457,-0.452515947,-0.478742398,0.204732308,0.390374256,1.012007753,2022/1/6,1.1363
-0.825194655,1.379317153,-1.293062294,1.059771935,-0.49472755,0.580821308,-0.321036238,-0.857542212,0.910957185,-0.321293383,-0.552988581,-0.4860261,0.359467335,0.390374256,1.221016256,2022/1/5,1.1295
-0.825194655,1.379317153,-1.293062294,1.059771935,-0.49472755,0.580821308,-0.243474051,-0.857542212,1.281131309,-0.247103178,-0.606657193,-0.490188215,0.527895728,0.390374256,1.168524302,2022/1/4,1.1315
-0.825194655,1.379317153,-1.293062294,1.059771935,-0.49472755,0.580821308,-0.369307861,-0.857542212,1.429954278,-0.373004631,-0.663446073,-0.49056716,0.386854066,0.390374256,1.031247968,2022/1/3,1.1289
-0.473819268,0.073366003,-1.247386594,2.398384089,-0.072858824,0.553761952,-0.239138276,-0.047744239,1.296895502,-0.236394319,-0.717738739,-0.49056716,0.497770324,1.318198078,1.04740513,2021/12/31,1.1298
-0.473819268,0.073366003,-1.247386594,2.398384089,-0.072858824,0.553761952,-0.293479983,-0.047744239,1.365322714,-0.290806901,-0.606657193,-0.49056716,0.304693874,1.318198078,1.023563211,2021/12/30,1.1372
-0.473819268,0.073366003,-1.247386594,2.398384089,-0.072858824,0.553761952,-0.416134225,-0.047744239,1.382786378,-0.417287211,-0.633491499,-0.49056716,0.352620653,1.318198078,1.022903398,2021/12/29,1.1327
-0.473819268,0.073366003,-1.247386594,2.398384089,-0.072858824,0.553761952,-0.349845051,-0.047744239,1.393771654,-0.347245483,-0.669686609,-0.49056716,0.401916768,1.318198078,1.015181133,2021/12/28,1.1352
-0.473819268,0.073366003,-1.247386594,2.398384089,-0.072858824,0.553761952,-0.321710692,-0.047744239,1.457201759,-0.321968716,-0.695272808,-0.49056716,0.525157055,1.318198078,0.952164116,2021/12/27,1.1313
-0.473819268,0.073366003,-1.247386594,2.398384089,-0.072858824,0.553761952,-0.352542866,-0.047744239,1.302848251,-0.350043293,-0.806354354,-0.558863119,0.311540557,1.318198078,0.887594889,2021/12/23,1.1329
-0.473819268,0.073366003,-1.247386594,2.398384089,-0.072858824,0.553761952,-0.393010095,-0.047744239,1.209705407,-0.393361111,-0.870631878,-0.54845783,0.31838724,1.318198078,0.742516157,2021/12/22,1.1332
-0.473819268,0.073366003,-1.247386594,2.398384089,-0.072858824,0.553761952,-0.461900733,-0.047744239,1.081621777,-0.464946458,-0.972976672,-0.480823456,0.177345578,1.318198078,0.57298966,2021/12/21,1.1327
-0.473819268,0.073366003,-1.247386594,2.398384089,-0.072858824,0.553761952,-0.435693385,-0.047744239,0.826493751,-0.436100072,-1.153328171,-0.400702735,0.040411925,1.318198078,0.349815222,2021/12/20,1.1287
-0.473819268,0.073366003,-1.247386594,2.398384089,-0.072858824,0.553761952,-0.321036238,-0.047744239,0.960197179,-0.320521573,-0.989202067,-0.392378504,0.048627945,1.318198078,0.518137345,2021/12/17,1.1279
-0.473819268,0.073366003,-1.247386594,2.398384089,-0.072858824,0.553761952,-0.432513817,-0.047744239,0.967814685,-0.431951595,-0.894345915,-0.268555572,0.074645339,1.318198078,0.73090888,2021/12/16,1.1243
-0.473819268,0.073366003,-1.247386594,2.398384089,-0.072858824,0.553761952,-0.562876103,-0.047744239,1.240656442,-0.570973812,-0.988578013,-0.094787256,-0.2567341,1.318198078,0.464435084,2021/12/15,1.1332
-0.473819268,0.073366003,-1.247386594,2.398384089,-0.072858824,0.553761952,-0.583302418,-0.047744239,1.00833914,-0.584673434,-0.997314764,0.183033944,-0.052702958,1.318198078,0.393262655,2021/12/14,1.1289
-0.473819268,0.073366003,-1.247386594,2.398384089,-0.072858824,0.553761952,-0.481941646,-0.047744239,1.132765262,-0.477681318,-0.962367761,0.478544135,0.018502541,1.318198078,0.531314031,2021/12/13,1.1261
-0.473819268,0.073366003,-1.247386594,2.398384089,-0.072858824,0.553761952,-0.551892141,-0.047744239,1.286715685,-0.549459618,-0.938653723,0.53681375,0.02671856,1.318198078,0.630547172,2021/12/10,1.1286
-0.473819268,0.073366003,-1.247386594,2.398384089,-0.072858824,0.553761952,-0.591877616,-0.047744239,1.206501988,-0.589690197,-0.984209638,0.610691297,0.155436193,1.318198078,0.625321638,2021/12/9,1.1315
-0.473819268,0.073366003,-1.247386594,2.398384089,-0.072858824,0.553761952,-0.59072141,-0.047744239,1.397501419,-0.58631353,-0.895594023,0.693933604,0.322495249,1.318198078,0.731922212,2021/12/8,1.1294
-0.473819268,0.073366003,-1.247386594,2.398384089,-0.072858824,0.553761952,-0.480592739,-0.047744239,1.326609658,-0.476137699,-0.914939685,0.620056057,0.177345578,1.318198078,0.704875875,2021/12/7,1.1343
-0.473819268,0.073366003,-1.247386594,2.398384089,-0.072858824,0.553761952,-0.55343375,-0.047744239,0.999492546,-0.549845523,-1.074697414,0.498314183,0.174606905,1.318198078,0.37985389,2021/12/6,1.1267
-0.473819268,0.073366003,-1.247386594,2.398384089,-0.072858824,0.553761952,-0.545051252,-0.047744239,0.900542177,-0.541645045,-1.276266736,0.431720337,-0.018469545,1.318198078,0.214866312,2021/12/3,1.1288
-0.473819268,0.073366003,-1.247386594,2.398384089,-0.072858824,0.553761952,-0.656432481,-0.047744239,1.110123139,-0.654136305,-1.261289448,0.373450722,0.070537329,1.318198078,0.267720178,2021/12/2,1.1317
-0.473819268,0.073366003,-1.247386594,2.398384089,-0.072858824,0.553761952,-0.571547652,-0.047744239,1.019965525,-0.566439431,-1.319326436,0.302694761,-0.070504333,1.318198078,0.462137021,2021/12/1,1.1303
-0.552073684,0.363222342,-1.247386594,-0.228098604,0.061372134,0.007209599,-0.648339035,0.036255784,1.220897539,-0.655969353,-1.281259165,0.272519424,0.013025195,0.754226735,0.201764565,2021/11/30,1.1321
-0.552073684,0.363222342,-1.247386594,-0.228098604,0.061372134,0.007209599,-0.506125633,0.036255784,1.394558694,-0.506624181,-1.045990947,0.129966973,0.174606905,0.754226735,0.281096621,2021/11/29,1.1339
-0.552073684,0.363222342,-1.247386594,-0.228098604,0.061372134,0.007209599,-0.483001502,0.036255784,1.188286705,-0.478260175,-1.1583206,0.011346686,0.022610551,0.754226735,0.213966105,2021/11/26,1.1294
-0.552073684,0.363222342,-1.247386594,-0.228098604,0.061372134,0.007209599,-0.344064018,0.036255784,1.438757659,-0.343579387,-0.519289685,-0.106233073,0.505986343,0.754226735,0.650192785,2021/11/24,1.1321
-0.552073684,0.363222342,-1.247386594,-0.228098604,0.061372134,0.007209599,-0.40996779,0.036255784,1.38910679,-0.409472638,-0.512425095,-0.042760814,0.411502123,0.754226735,0.630682926,2021/11/23,1.1201
-0.552073684,0.363222342,-1.247386594,-0.228098604,0.061372134,0.007209599,-0.258890138,0.036255784,1.445509492,-0.259162704,-0.62163448,-0.115597833,0.334819278,0.754226735,0.763713911,2021/11/22,1.125
-0.552073684,0.363222342,1.246208584,-0.228098604,0.061372134,0.007209599,0.012914746,0.036255784,1.589089537,0.018688778,-0.662197966,-0.212367015,0.370422028,0.754226735,0.86052866,2021/11/19,1.1238
-0.552073684,0.363222342,1.246208584,-0.228098604,0.061372134,0.007209599,0.016576066,0.036255784,1.543944848,0.017531064,-0.48059836,-0.314338841,0.100662732,0.754226735,1.020241985,2021/11/18,1.129
-0.552073684,0.363222342,1.246208584,-0.228098604,0.061372134,0.007209599,0.157633262,0.036255784,1.492841035,0.163788997,-0.521161846,-0.339311533,-0.00066817,0.754226735,1.04531525,2021/11/17,1.1373
-0.552073684,0.363222342,1.246208584,-0.228098604,0.061372134,0.007209599,0.014649055,0.036255784,1.529879416,0.01560154,-0.371388975,-0.17178639,0.233488375,0.754226735,1.008464806,2021/11/16,1.132
-0.552073684,0.363222342,1.246208584,-0.228098604,0.061372134,0.007209599,0.050684159,0.036255784,1.444864133,0.051780118,-0.363900332,0.003022455,0.366314018,0.754226735,1.027176212,2021/11/15,1.1323
-0.552073684,0.363222342,1.246208584,-0.228098604,0.061372134,0.007209599,-0.047882447,0.036255784,1.449902327,-0.047107996,-0.369516814,0.052967839,0.499139661,0.754226735,1.077413015,2021/11/12,1.1371
-0.552073684,0.363222342,1.246208584,-0.228098604,0.061372134,0.007209599,-0.068019711,0.036255784,1.338911155,-0.066982095,-0.319592524,0.091467406,0.359467335,0.754226735,1.050294724,2021/11/11,1.1454
-0.552073684,0.363222342,1.246208584,-0.228098604,0.061372134,0.007209599,-0.214568888,0.036255784,1.281122099,-0.214397743,-0.335193865,0.109156397,0.149958847,0.754226735,1.035579285,2021/11/10,1.1452
-0.552073684,0.363222342,1.246208584,-0.228098604,0.061372134,0.007209599,-0.510557758,0.036255784,1.468026935,-0.510579705,-0.159834796,0.050886782,0.292369846,0.754226735,1.138978531,2021/11/9,1.1482
-0.552073684,0.363222342,1.246208584,-0.228098604,0.061372134,0.007209599,-0.570102394,0.036255784,1.535902297,-0.568947812,-0.298374701,-0.039639228,0.360836672,0.754226735,1.163247648,2021/11/8,1.1595
-0.552073684,0.363222342,1.246208584,-0.228098604,0.061372134,0.007209599,-0.59255207,0.036255784,1.528273456,-0.589786673,-0.33956224,-0.042760814,0.207470981,0.754226735,1.14465742,2021/11/5,1.159
-0.552073684,0.363222342,1.246208584,-0.228098604,0.061372134,0.007209599,-0.797393326,0.036255784,1.506114467,-0.796824618,-0.493079433,0.013427743,0.144481501,0.754226735,1.105851308,2021/11/4,1.1569
-0.552073684,0.363222342,1.246208584,-0.228098604,0.061372134,0.007209599,-1.05330037,0.036255784,1.414925412,-1.05383724,-0.365148439,0.141412791,0.144481501,0.754226735,1.138780807,2021/11/3,1.1556
-0.552073684,0.363222342,1.246208584,-0.228098604,0.061372134,0.007209599,-0.860021179,0.036255784,1.300176846,-0.858665868,-0.174812083,0.448368798,0.275937807,0.754226735,1.050890307,2021/11/2,1.1614
-0.552073684,0.363222342,1.246208584,-0.228098604,0.061372134,0.007209599,-0.849422619,0.036255784,1.262143861,-0.845834533,-0.166075332,0.699136249,0.352620653,0.754226735,1.058982629,2021/11/1,1.1581
-0.62676635,0.2586069,1.246208584,1.059771935,0.061372134,-0.459564306,-0.874666462,0.963181878,1.193054996,-0.875549205,-0.196029906,0.793824373,0.280045817,-0.546545877,0.894672001,2021/10/29,1.161
-0.62676635,0.2586069,1.246208584,1.059771935,0.061372134,-0.459564306,-0.89923585,0.963181878,1.157443348,-0.898703495,-0.243457982,0.909323074,0.449843546,-0.546545877,1.006268805,2021/10/28,1.1565
-0.62676635,0.2586069,1.246208584,1.059771935,0.061372134,-0.459564306,-0.819650301,0.963181878,1.00706259,-0.817084622,-0.252818786,1.094537208,0.311540557,-0.546545877,0.867170867,2021/10/27,1.1683
-0.62676635,0.2586069,1.246208584,1.059771935,0.061372134,-0.459564306,-0.839402163,0.963181878,1.006975455,-0.836090435,-0.128632114,1.35258836,0.584038525,-0.546545877,0.906553724,2021/10/26,1.1608
-0.62676635,0.2586069,1.246208584,1.059771935,0.061372134,-0.459564306,-0.731104152,0.963181878,1.000593412,-0.730545463,-0.184172887,1.561734657,0.762052273,-0.546545877,0.810472318,2021/10/25,1.1598
-0.62676635,0.2586069,1.246208584,1.059771935,0.061372134,-0.459564306,-0.904727831,0.963181878,0.903891528,-0.905070925,-0.184172887,1.720935569,0.69221611,-0.546545877,0.846512504,2021/10/22,1.161
-0.62676635,0.2586069,1.246208584,1.059771935,0.061372134,-0.459564306,-0.956949826,0.963181878,0.992796678,-0.956589221,-0.262803644,1.973784077,0.85790583,-0.546545877,0.739048806,2021/10/21,1.1651
-0.62676635,0.2586069,1.246208584,1.059771935,0.061372134,-0.459564306,-0.997417054,0.963181878,0.926190782,-0.997881038,-0.177308297,2.075755904,1.322110911,-0.546545877,0.803351875,2021/10/20,1.1625
-0.62676635,0.2586069,1.246208584,1.059771935,0.061372134,-0.459564306,-1.084132544,0.963181878,0.931441499,-1.081911817,-0.234097177,2.037256337,1.207086643,-0.546545877,0.727962427,2021/10/19,1.1653
-0.62676635,0.2586069,1.246208584,1.059771935,0.061372134,-0.459564306,-1.091936938,0.963181878,0.855442827,-1.091655914,-0.266547966,2.055985856,1.252274748,-0.546545877,0.665313408,2021/10/18,1.1636
-0.62676635,0.2586069,1.246208584,1.059771935,0.061372134,-0.459564306,-1.055323731,0.963181878,0.767268045,-1.05229362,-0.276532824,2.182930374,1.261860104,-0.546545877,0.736175995,2021/10/15,1.1613
-0.62676635,0.2586069,1.246208584,1.059771935,0.061372134,-0.459564306,-0.814736424,0.963181878,0.714908934,-0.814383288,-0.337066026,2.399360373,0.981146117,-0.546545877,0.611601152,2021/10/14,1.1604
-0.62676635,0.2586069,1.246208584,1.059771935,0.061372134,-0.459564306,-0.818590445,0.963181878,0.536536159,-0.830494815,-0.391358691,2.549196526,0.677153409,-0.546545877,0.425441182,2021/10/13,1.1598
-0.62676635,0.2586069,1.246208584,1.059771935,0.061372134,-0.459564306,-1.026996671,0.963181878,0.461650395,-1.027595711,-0.378877619,2.728167486,0.15269752,-0.546545877,0.260809751,2021/10/12,1.1594
-0.62676635,0.2586069,1.246208584,1.059771935,0.061372134,-0.459564306,-1.106774921,0.963181878,0.476013359,-1.10574144,-0.386366262,2.842625658,0.277307144,-0.546545877,0.323487599,2021/10/11,1.1531
-0.62676635,0.2586069,1.246208584,1.059771935,0.061372134,-0.459564306,-1.103691704,0.963181878,0.542133996,-1.105162583,-0.459380537,2.882165754,0.02671856,-0.546545877,0.304057584,2021/10/8,1.1553
-0.62676635,0.2586069,1.246208584,1.059771935,0.061372134,-0.459564306,-1.095309207,0.963181878,0.594895483,-1.093971343,-0.524906168,3.01119133,-0.060918977,-0.546545877,0.320058387,2021/10/7,1.1571
-0.62676635,0.2586069,1.246208584,1.059771935,0.061372134,-0.459564306,-1.038847788,0.963181878,0.48714315,-1.04033057,-0.579198833,3.008069744,-0.318354244,-0.546545877,0.074523782,2021/10/6,1.1554
-0.62676635,0.2586069,1.246208584,1.059771935,0.061372134,-0.459564306,-1.113904862,0.963181878,0.438914054,-1.11413487,-0.485590789,2.76042388,-0.195113957,-0.546545877,0.255645815,2021/10/5,1.156
-0.62676635,0.2586069,1.246208584,1.059771935,0.061372134,-0.459564306,-1.059852207,0.963181878,0.312573107,-1.067729814,-0.567341814,2.612668785,-0.073243006,-0.546545877,0.104892455,2021/10/4,1.16
-0.62676635,0.2586069,1.246208584,1.059771935,0.061372134,-0.459564306,-1.107545726,0.963181878,0.533038042,-1.10448725,-0.675927146,2.54503441,-0.218392677,-0.546545877,0.131841456,2021/10/1,1.1625
-0.165453891,0.299810378,1.375830899,-0.209765927,1.071939493,-0.813435377,-1.114001212,0.002561392,0.449363774,-1.12204592,-0.728971704,2.508615901,-0.501845338,-0.582931125,0.182268591,2021/9/30,1.1598
-0.165453891,0.299810378,1.375830899,-0.209765927,1.071939493,-0.813435377,-1.393128737,0.002561392,0.494602682,-1.390056829,-0.741452777,2.539831766,-0.200591303,-0.582931125,0.216009294,2021/9/29,1.1585
-0.165453891,0.299810378,1.375830899,-0.209765927,1.071939493,-0.813435377,-1.435233924,0.002561392,0.518859973,-1.435497123,-0.71274631,2.295307489,-0.077351016,-0.582931125,0.198578071,2021/9/28,1.1599
-0.165453891,0.299810378,1.375830899,-0.209765927,1.071939493,-0.813435377,-1.318553416,0.002561392,0.818719687,-1.316156053,-0.702761452,2.040377923,0.055474627,-0.582931125,0.510873119,2021/9/27,1.1685
-0.165453891,0.299810378,1.375830899,-0.209765927,1.071939493,-0.813435377,-1.340810392,0.002561392,0.873783498,-1.341529296,-0.794497335,1.964419318,0.039042589,-0.582931125,0.527183421,2021/9/24,1.1698
-0.165453891,0.299810378,1.375830899,-0.209765927,1.071939493,-0.813435377,-1.430223696,0.002561392,0.877003211,-1.428550836,-0.836932982,1.97170302,-0.115692438,-0.582931125,0.672018551,2021/9/23,1.1718
-0.165453891,0.299810378,1.375830899,-0.209765927,1.071939493,-0.813435377,-1.159575019,0.002561392,0.7669188,-1.160154022,-0.90370672,1.877014895,-0.056810968,-0.582931125,0.469813975,2021/9/22,1.174
-0.165453891,0.299810378,1.375830899,-0.209765927,1.071939493,-0.813435377,-1.154661142,0.002561392,0.66033959,-1.155137259,-1.007923676,1.720935569,-0.397775762,-0.582931125,0.366816939,2021/9/21,1.169
-0.165453891,0.299810378,1.375830899,-0.209765927,1.071939493,-0.813435377,-1.238486114,0.002561392,0.637319887,-1.239071561,-1.024773124,1.610639512,-0.427901165,-0.582931125,0.204645019,2021/9/20,1.1727
-0.165453891,0.299810378,1.375830899,-0.209765927,1.071939493,-0.813435377,-1.318168014,0.002561392,0.87114043,-1.323005863,-0.919932114,1.580464176,-0.075981679,-0.582931125,0.444298206,2021/9/17,1.1729
-0.165453891,0.299810378,1.375830899,-0.209765927,1.071939493,-0.813435377,-1.375014835,0.002561392,0.968869504,-1.38060216,-0.879992682,1.518032446,0.014394532,-0.582931125,0.630289223,2021/9/16,1.1729
-0.165453891,0.299810378,1.375830899,-0.209765927,1.071939493,-0.813435377,-1.108412881,0.002561392,0.954421532,-1.112784204,-0.879992682,1.536761965,0.356728662,-0.582931125,0.653175914,2021/9/15,1.1768
-0.165453891,0.299810378,1.375830899,-0.209765927,1.071939493,-0.813435377,-1.006281304,0.002561392,0.866741927,-1.003766087,-1.014164212,1.524275619,0.122572117,-0.582931125,0.741426451,2021/9/14,1.1819
-0.165453891,0.299810378,1.375830899,-0.209765927,1.071939493,-0.813435377,-1.10301725,0.002561392,0.914788254,-1.101689439,-1.014788266,1.463924946,0.24718174,-0.582931125,0.75258534,2021/9/13,1.1806
-0.165453891,0.299810378,1.375830899,-0.209765927,1.071939493,-0.813435377,-1.158900565,0.002561392,0.921809989,-1.155812593,-1.06034418,1.152806823,0.478599613,-0.582931125,0.699944411,2021/9/10,1.1812
-0.165453891,0.299810378,1.375830899,-0.209765927,1.071939493,-0.813435377,-1.115928223,0.002561392,1.015858178,-1.113748966,-1.158944654,0.922849949,0.028087897,-0.582931125,0.731134713,2021/9/9,1.1816
-0.165453891,0.299810378,1.375830899,-0.209765927,1.071939493,-0.813435377,-1.145026087,0.002561392,1.043048985,-1.147129734,-1.086554433,0.896836728,-0.112953765,-0.582931125,0.754380724,2021/9/8,1.1827
-0.165453891,0.299810378,1.375830899,-0.209765927,1.071939493,-0.813435377,-1.13490928,0.002561392,1.105169245,-1.132561826,-1.145839527,0.989443795,0.011655858,-0.582931125,0.949534221,2021/9/7,1.1817
-0.165453891,0.299810378,1.375830899,-0.209765927,1.071939493,-0.813435377,-0.916000845,0.002561392,1.097510651,-0.914815022,-1.087178486,1.23604913,0.143112165,-0.582931125,0.960869313,2021/9/3,1.1843
-0.165453891,0.299810378,1.375830899,-0.209765927,1.071939493,-0.813435377,-1.054071174,0.002561392,1.074601458,-1.05509143,-1.043494732,1.295359274,0.045889272,-0.582931125,1.039161984,2021/9/2,1.1884
-0.165453891,0.299810378,1.375830899,-0.209765927,1.071939493,-0.813435377,-0.971595109,0.002561392,1.059161007,-0.96932408,-1.13086224,1.30784562,-0.028054901,-0.582931125,0.95426588,2021/9/1,1.1877
2.655110131,0.783600632,1.375830899,-0.149516673,1.071939493,-1.084028945,-0.934307448,0.654552581,1.023637201,-0.941731885,-1.136478723,1.431668552,0.237596385,-0.428293822,0.852747624,2021/8/31,1.1841
2.655110131,0.783600632,1.375830899,-0.149516673,1.071939493,-1.084028945,-0.951265144,0.654552581,1.028351654,-0.952247791,-1.092170915,-0.49056716,0.240335058,-0.428293822,0.88761323,2021/8/30,1.1811
2.655110131,0.783600632,1.375830899,-0.149516673,1.071939493,-1.084028945,-0.889119043,0.654552581,0.931732654,-0.890117113,-1.121501436,1.538843022,0.118464107,-0.428293822,0.880867602,2021/8/27,1.1799
2.655110131,0.783600632,1.375830899,-0.149516673,1.071939493,-1.084028945,-1.041931006,0.654552581,0.801602435,-1.039558761,-1.203876515,1.497221869,-0.074612342,-0.428293822,0.759156114,2021/8/26,1.1797
2.655110131,0.783600632,1.375830899,-0.149516673,1.071939493,-1.084028945,-1.077773408,0.654552581,0.869646398,-1.080657626,-1.145215474,1.495140811,-0.022577555,-0.428293822,0.82783689,2021/8/25,1.1754
2.655110131,0.783600632,1.375830899,-0.149516673,1.071939493,-1.084028945,-0.958202383,0.654552581,0.854019636,-0.956010364,-1.196387871,1.503465042,-0.049964285,-0.428293822,0.82108416,2021/8/24,1.1774
2.655110131,0.783600632,1.375830899,-0.149516673,1.071939493,-1.084028945,-0.925924951,0.654552581,0.799367409,-0.92378731,-1.31495806,1.447276484,-0.106107083,-0.428293822,0.818156851,2021/8/23,1.1757
2.655110131,0.783600632,1.375830899,-0.149516673,1.071939493,-1.084028945,-1.066596745,0.654552581,0.637858276,-1.062037717,-1.522143865,1.390047398,-0.379974387,-0.428293822,0.663209631,2021/8/20,1.1747
2.655110131,0.783600632,-0.531313851,-0.149516673,1.071939493,-1.084028945,-1.045881378,0.654552581,0.515392318,-1.045926191,-1.436648518,1.269346053,-0.642887,-0.428293822,0.582852146,2021/8/19,1.1698
2.655110131,0.783600632,-0.531313851,-0.149516673,1.071939493,-1.084028945,-1.030176239,0.654552581,0.504147057,-1.026823901,-1.326191026,1.120550429,-0.430639838,-0.428293822,0.868974395,2021/8/18,1.1678
2.655110131,0.783600632,-0.531313851,-0.149516673,1.071939493,-1.084028945,-1.041738304,0.654552581,0.596429185,-1.040427047,-1.255672966,0.937417353,-0.200591303,-0.428293822,0.876796944,2021/8/17,1.1714
2.655110131,0.783600632,-0.531313851,-0.149516673,1.071939493,-1.084028945,-1.117469832,0.654552581,0.693892606,-1.114810204,-1.211989212,0.884350382,0.133526809,-0.428293822,0.928018785,2021/8/16,1.1712
2.655110131,0.783600632,-0.531313851,-0.149516673,1.071939493,-1.084028945,-1.190599894,0.654552581,0.714532769,-1.198358601,-1.140223045,0.842729229,0.311540557,-0.428293822,1.034632976,2021/8/13,1.1781
2.655110131,0.783600632,-0.531313851,-0.149516673,1.071939493,-1.084028945,-1.33869068,0.654552581,0.709831777,-1.338538533,-1.099659559,0.777175912,0.226641693,-0.428293822,0.926575195,2021/8/12,1.1795
2.655110131,0.783600632,-0.531313851,-0.149516673,1.071939493,-1.084028945,-1.359791449,0.654552581,0.673613023,-1.357640823,-1.089674701,0.68040673,0.248551077,-0.428293822,0.925276683,2021/8/11,1.1731
2.655110131,0.783600632,-0.531313851,-0.149516673,1.071939493,-1.084028945,-1.520889558,0.654552581,0.689872393,-1.520975045,-1.149583849,0.64398822,0.214317664,-0.428293822,0.833220356,2021/8/10,1.1741
2.655110131,0.783600632,-0.531313851,-0.149516673,1.071939493,-1.084028945,-1.540641419,0.654552581,0.740941495,-1.539884382,-1.262537556,0.639826105,0.037673252,-0.428293822,0.820969459,2021/8/9,1.1722
2.655110131,0.783600632,-0.531313851,-0.149516673,1.071939493,-1.084028945,-1.288106644,0.654552581,0.723645724,-1.285573094,-1.150207903,0.639826105,0.197885626,-0.428293822,0.806040306,2021/8/6,1.1741
2.655110131,0.783600632,-0.531313851,-0.149516673,1.071939493,-1.084028945,-1.043087212,0.654552581,0.765693255,-1.046601524,-1.099659559,0.645028749,0.197885626,-0.428293822,0.877714125,2021/8/5,1.1763
2.655110131,0.783600632,-0.531313851,-0.149516673,1.071939493,-1.084028945,-0.975160079,0.654552581,0.684521083,-0.986014465,-1.1583206,0.584678076,0.155436193,-0.428293822,0.845557552,2021/8/4,1.1836
2.655110131,0.783600632,-0.531313851,-0.149516673,1.071939493,-1.084028945,-1.0320069,0.654552581,0.670892738,-1.028946378,-1.007923676,0.546178509,0.300585865,-0.428293822,0.796514706,2021/8/3,1.1839
2.655110131,0.783600632,-0.531313851,-0.149516673,1.071939493,-1.084028945,-1.01437475,0.654552581,0.614060033,-1.011966565,-0.964239922,0.547219038,0.434780844,-0.428293822,0.75202449,2021/8/2,1.1864
0.355987738,1.137821265,-0.531313851,-0.125411252,1.071939493,-1.515579032,-1.00897912,0.847469487,0.608115785,-1.009940564,-0.796369496,0.557624326,0.567606487,-0.455582758,0.671006413,2021/7/30,1.1871
0.355987738,1.137821265,-0.531313851,-0.125411252,1.071939493,-1.515579032,-0.917735155,0.847469487,0.682913706,-0.918674071,-0.816963266,0.476463077,0.675784072,-0.455582758,0.758110316,2021/7/29,1.1872
0.355987738,1.137821265,-0.531313851,-0.125411252,1.071939493,-1.515579032,-1.035186467,0.847469487,0.671805875,-1.033770188,-0.893721862,0.414031347,0.563498477,-0.455582758,0.625260894,2021/7/28,1.189
0.355987738,1.137821265,-0.531313851,-0.125411252,1.071939493,-1.515579032,-1.067945652,0.847469487,0.599542636,-1.064739051,-0.93990183,0.426517693,0.746989571,-0.455582758,0.486231856,2021/7/27,1.1846
0.355987738,1.137821265,-0.531313851,-0.125411252,1.071939493,-1.515579032,-1.058310598,0.847469487,0.72715305,-1.061072955,-0.923676436,0.472300962,0.864752512,-0.455582758,0.558196864,2021/7/26,1.1818
0.355987738,1.137821265,-0.531313851,-0.125411252,1.071939493,-1.515579032,-0.978725049,0.847469487,0.724516357,-0.988908751,-0.913691578,0.460855144,0.364944681,-0.455582758,0.539393684,2021/7/23,1.1803
0.355987738,1.137821265,-0.531313851,-0.125411252,1.071939493,-1.515579032,-0.946062215,0.847469487,0.616559294,-0.944529695,-0.923676436,0.360964376,0.204732308,-0.455582758,0.373912046,2021/7/22,1.1775
0.355987738,1.137821265,-0.531313851,-0.125411252,1.071939493,-1.515579032,-0.997802457,0.847469487,0.579266595,-1.005406183,-1.02414907,0.314140578,0.025349224,-0.455582758,0.370102446,2021/7/21,1.1772
0.355987738,1.137821265,-0.531313851,-0.125411252,1.071939493,-1.515579032,-0.930357076,0.847469487,0.48499455,-0.930540644,-1.203876515,0.308937934,0.000701166,-0.455582758,0.129106233,2021/7/20,1.1796
0.355987738,1.137821265,-0.531313851,-0.125411252,1.071939493,-1.515579032,-0.920722022,0.847469487,0.326386346,-0.933145502,-1.266281877,0.315181107,-0.171835236,-0.455582758,0.087010676,2021/7/19,1.1783
0.355987738,1.137821265,-0.531313851,-0.125411252,1.071939493,-1.515579032,-0.948278277,0.847469487,0.434243523,-0.950897124,-0.929916972,0.29437053,0.162282876,-0.455582758,0.433277657,2021/7/16,1.1802
0.355987738,1.137821265,-0.531313851,-0.125411252,1.071939493,-1.515579032,-0.814254671,0.847469487,0.516345127,-0.816795194,-0.93990183,0.329748511,0.163652213,-0.455582758,0.504408449,2021/7/15,1.1807
0.355987738,1.137821265,-0.531313851,-0.125411252,1.071939493,-1.515579032,-0.862044541,0.847469487,0.588474477,-0.860498916,-0.847541893,0.398423414,0.010286522,-0.455582758,0.673291078,2021/7/14,1.1816
0.355987738,1.137821265,-0.531313851,-0.125411252,1.071939493,-1.515579032,-0.945869514,0.847469487,0.611640821,-0.94337198,-0.715242524,0.491030481,0.112986761,-0.455582758,0.600587652,2021/7/13,1.1839
0.355987738,1.137821265,-0.531313851,-0.125411252,1.071939493,-1.515579032,-1.053011318,0.847469487,0.651018364,-1.064642575,-0.787008691,0.565948557,0.136265482,-0.455582758,0.697247577,2021/7/12,1.1778
0.355987738,1.137821265,-0.531313851,-0.125411252,1.071939493,-1.515579032,-1.063802579,0.847469487,0.62883033,-1.064932004,-0.758302225,0.565948557,0.217056337,-0.455582758,0.618508641,2021/7/9,1.1863
0.355987738,1.137821265,-0.531313851,-0.125411252,1.071939493,-1.515579032,-1.069679962,0.847469487,0.528141529,-1.06985229,-0.859398912,0.546178509,-0.00477618,-0.455582758,0.374730944,2021/7/8,1.1877
0.355987738,1.137821265,-0.531313851,-0.125411252,1.071939493,-1.515579032,-0.992792228,0.847469487,0.602721261,-0.997109229,-0.905578881,0.504557356,0.15269752,-0.455582758,0.554299626,2021/7/7,1.1846
0.355987738,1.137821265,-0.531313851,-0.125411252,1.071939493,-1.515579032,-1.091936938,0.847469487,0.601713197,-1.092331247,-0.832564606,0.440044568,-0.041748266,-0.455582758,0.481895326,2021/7/6,1.1793
0.355987738,1.137821265,-0.531313851,-0.125411252,1.071939493,-1.515579032,-1.220853965,0.847469487,0.584488267,-1.221995272,-0.720859007,0.550340625,0.023979887,-0.455582758,0.59086133,2021/7/2,1.1825
0.355987738,1.137821265,-0.531313851,-0.125411252,1.071939493,-1.515579032,-1.290611758,0.847469487,0.501640711,-1.291168714,-0.716490631,0.605488653,-0.085567035,-0.455582758,0.556569755,2021/7/1,1.1866
-0.533890113,-0.24739583,1.586151291,-0.139354584,2.040378981,-1.880180538,-1.350349096,0.661064942,0.488589718,-1.349729773,-0.82632407,0.652312451,0.063690646,0.372181632,0.485317308,2021/6/30,1.1852
-0.533890113,-0.24739583,1.586151291,-0.139354584,2.040378981,-1.880180538,-1.472521585,0.661064942,0.505862111,-1.472254559,-0.856902698,0.68873096,0.008917185,0.372181632,0.653597879,2021/6/29,1.1858
-0.533890113,-0.24739583,1.586151291,-0.139354584,2.040378981,-1.880180538,-1.368173946,0.661064942,0.486149254,-1.367867301,-0.861271073,0.590921249,0.013025195,0.372181632,0.63922659,2021/6/28,1.1899
-0.533890113,-0.24739583,1.586151291,-0.139354584,2.040378981,-1.880180538,-1.354010416,0.661064942,0.386887186,-1.356097203,-0.79012896,0.519124759,0.070537329,0.372181632,0.733234872,2021/6/25,1.1928
-0.533890113,-0.24739583,1.586151291,-0.139354584,2.040378981,-1.880180538,-1.400451378,0.661064942,0.393490253,-1.399415021,-0.836932982,0.435882452,0.104770742,0.372181632,0.710371431,2021/6/24,1.1937
-0.533890113,-0.24739583,1.586151291,-0.139354584,2.040378981,-1.880180538,-1.369137452,0.661064942,0.324083313,-1.365262443,-0.850662161,0.406747645,0.158174866,0.372181632,0.576833324,2021/6/23,1.1934
-0.533890113,-0.24739583,1.586151291,-0.139354584,2.040378981,-1.880180538,-1.383397332,0.661064942,0.311002567,-1.380891589,-0.851910269,0.377612837,-0.106107083,0.372181632,0.704728577,2021/6/22,1.1928
-0.533890113,-0.24739583,1.586151291,-0.139354584,2.040378981,-1.880180538,-1.320576778,0.661064942,0.231811103,-1.317989101,-0.814467051,0.451490385,-0.234824716,0.372181632,0.654967996,2021/6/21,1.1942
-0.533890113,-0.24739583,1.586151291,-0.139354584,2.040378981,-1.880180538,-1.401125832,0.661064942,0.153104188,-1.408194356,-0.940525884,0.480625192,-0.303291542,0.372181632,0.490438513,2021/6/18,1.1919
-0.533890113,-0.24739583,1.586151291,-0.139354584,2.040378981,-1.880180538,-1.383397332,0.661064942,0.245887161,-1.391118067,-0.977969101,0.531611105,-0.243040735,0.372181632,0.794702564,2021/6/17,1.1864
-0.533890113,-0.24739583,1.586151291,-0.139354584,2.040378981,-1.880180538,-1.185975068,0.661064942,0.159698046,-1.179835169,-0.908699149,0.436922981,0.326603259,0.372181632,0.90518392,2021/6/16,1.191
-0.533890113,-0.24739583,1.586151291,-0.139354584,2.040378981,-1.880180538,-0.967452035,0.661064942,0.183197342,-0.964403794,-0.91057131,0.279803126,0.182822924,0.372181632,1.037806999,2021/6/15,1.1995
-0.533890113,-0.24739583,1.586151291,-0.139354584,2.040378981,-1.880180538,-0.899910304,0.661064942,0.254949819,-0.89629159,-0.98795396,0.19552029,0.708648149,0.372181632,0.985583754,2021/6/14,1.2128
-0.533890113,-0.24739583,1.586151291,-0.139354584,2.040378981,-1.880180538,-0.794021057,0.661064942,0.180765379,-0.79373738,-0.986081799,0.104994281,0.734665543,0.372181632,0.944119023,2021/6/11,1.212
-0.533890113,-0.24739583,1.586151291,-0.139354584,2.040378981,-1.880180538,-0.708847176,0.661064942,0.145989651,-0.705172219,-1.024773124,-0.090625141,0.593623881,0.372181632,0.925513595,2021/6/10,1.211
-0.533890113,-0.24739583,1.586151291,-0.139354584,2.040378981,-1.880180538,-0.794888212,0.661064942,0.069068632,-0.794509189,-1.045366893,-0.286244563,0.720972177,0.372181632,0.902231489,2021/6/9,1.2173
-0.533890113,-0.24739583,1.586151291,-0.139354584,2.040378981,-1.880180538,-0.754710035,0.661064942,0.078391984,-0.750805466,-1.039750411,-0.349716822,0.793547013,0.372181632,0.863082649,2021/6/8,1.2182
-0.533890113,-0.24739583,1.586151291,-0.139354584,2.040378981,-1.880180538,-0.725997573,0.661064942,0.047795862,-0.721573175,-1.090922808,-0.341392591,0.716864168,0.372181632,0.883306099,2021/6/7,1.2175
-0.533890113,-0.24739583,1.586151291,-0.139354584,2.040378981,-1.880180538,-0.76087647,0.661064942,0.000168204,-0.755725753,-1.066584717,-0.330987303,0.72371085,0.372181632,0.813905021,2021/6/4,1.219
-0.533890113,-0.24739583,1.586151291,-0.139354584,2.040378981,-1.880180538,-0.872739451,0.661064942,-0.141500558,-0.872558443,-1.11713306,-0.295609322,0.542958429,0.372181632,0.709075152,2021/6/3,1.2169
-0.533890113,-0.24739583,1.586151291,-0.139354584,2.040378981,-1.880180538,-0.679171209,0.661064942,-0.041034197,-0.675939928,-1.115884953,-0.235258649,0.894877916,0.372181632,0.825504784,2021/6/2,1.2128
-0.533890113,-0.24739583,1.586151291,-0.139354584,2.040378981,-1.880180538,-0.742666217,0.661064942,-0.055095379,-0.742219084,-1.185154906,-0.195718553,1.064675645,0.372181632,0.763395611,2021/6/1,1.2213
-0.801212519,-1.844380987,1.586151291,-0.189755698,2.040378981,-2.053966924,-0.690733274,1.106925738,-0.046409593,-0.691569074,-1.272522414,-0.166583746,1.120818442,-0.164500774,0.715117501,2021/5/28,1.2215
-0.801212519,-1.844380987,1.586151291,-0.189755698,2.040378981,-2.053966924,-0.751626818,1.106925738,-0.055238477,-0.744052132,-1.239447571,-0.070855093,1.076999673,-0.164500774,0.630400444,2021/5/27,1.2193
-0.801212519,-1.844380987,1.586151291,-0.189755698,2.040378981,-2.053966924,-0.747387394,1.106925738,-0.054020016,-0.743666227,-1.279387004,-0.002180189,0.711386822,-0.164500774,0.606363351,2021/5/26,1.2196
-0.801212519,-1.844380987,1.586151291,-0.189755698,2.040378981,-2.053966924,-0.801054647,1.106925738,-0.111274932,-0.79856119,-1.288123754,0.055048897,0.681261418,-0.164500774,0.668212418,2021/5/25,1.2194
-0.801212519,-1.844380987,1.586151291,-0.189755698,2.040378981,-2.053966924,-0.900103005,1.106925738,-0.108444135,-0.907675783,-1.289371862,0.129966973,0.734665543,-0.164500774,0.642111797,2021/5/24,1.2253
-0.801212519,-1.844380987,1.586151291,-0.189755698,2.040378981,-2.053966924,-0.856456209,1.106925738,-0.243169086,-0.853456153,-1.443513108,0.117480627,0.610055919,-0.164500774,0.585757179,2021/5/21,1.2219
-0.801212519,-1.844380987,1.586151291,-0.189755698,2.040378981,-2.053966924,-0.943075348,1.106925738,-0.197299696,-0.940477694,-1.538993313,0.070656829,0.845581801,-0.164500774,0.552682049,2021/5/20,1.2183
-0.801212519,-1.844380987,1.324237001,-0.189755698,2.040378981,-2.053966924,-0.938354171,1.106925738,-0.364483882,-0.939705884,-1.457242288,0.046724666,0.866121849,-0.164500774,0.294472677,2021/5/19,1.223
-0.801212519,-1.844380987,1.324237001,-0.189755698,2.040378981,-2.053966924,-0.993370332,1.106925738,-0.361721093,-0.995565609,-1.324318865,0.040481493,1.265968114,-0.164500774,0.581912631,2021/5/18,1.2176
-0.801212519,-1.844380987,1.324237001,-0.189755698,2.040378981,-2.053966924,-0.934981902,1.106925738,-0.308300078,-0.934785597,-1.275642682,0.103953752,1.227626691,-0.164500774,0.503671549,2021/5/17,1.2224
-0.801212519,-1.844380987,1.324237001,-0.189755698,2.040378981,-2.053966924,-1.110243541,1.106925738,-0.272220881,-1.107478012,-1.331807508,0.190317646,1.070152991,-0.164500774,0.481372554,2021/5/14,1.2155
2.299578832,-5.989848183,-0.924842898,-0.387449726,-1.275184694,0.104483321,0.578396086,1.052467296,-2.202324049,0.586740698,-0.775151672,-1.244571624,-1.401499433,-2.502252953,-0.968093637,2022/12/16,1.0609
2.299578832,-5.989848183,-0.924842898,-0.387449726,-1.275184694,0.104483321,0.378083306,1.052467296,-2.127861913,0.379509801,-0.661573912,-1.277868547,-1.397391424,-2.502252953,-0.787432944,2022/12/15,1.0586
2.299578832,-5.989848183,-0.924842898,-0.387449726,-1.275184694,0.104483321,0.564232556,1.052467296,-1.872580162,0.568410219,-0.588559638,-1.410015709,-1.090660043,-2.502252953,-0.312251365,2022/12/14,1.063
2.299578832,-5.989848183,-0.924842898,-0.387449726,-1.275184694,0.104483321,0.670025453,1.052467296,-1.811708117,0.671639763,-0.706505773,-1.455798978,-1.187882936,-2.502252953,-0.382167662,2022/12/13,1.0683
2.299578832,-5.989848183,-0.924842898,-0.387449726,-1.275184694,0.104483321,0.553248594,1.052467296,-1.891812011,0.55615774,-0.845045679,-1.451636863,-1.300168531,-2.502252953,-0.663582748,2022/12/12,1.0634
2.299578832,-5.989848183,-0.924842898,-0.387449726,-1.275184694,0.104483321,0.700953977,1.052467296,-1.99036638,0.70656415,-0.979217209,-1.425623642,-1.08792137,-2.502252953,-0.602230397,2022/12/9,1.0538
2.299578832,-5.989848183,-0.924842898,-0.387449726,-1.275184694,0.104483321,0.595546483,1.052467296,-1.935545552,0.596098891,-0.951758849,-1.426664171,-1.075597341,-2.502252953,-0.659421815,2022/12/8,1.0534
2.299578832,-5.989848183,-0.924842898,-0.387449726,-1.275184694,0.104483321,0.645552415,1.052467296,-2.022998466,0.650125568,-0.9174359,-1.439150517,-1.144064167,-2.502252953,-0.710746433,2022/12/7,1.0558
2.299578832,-5.989848183,-0.924842898,-0.387449726,-1.275184694,0.104483321,0.553537646,1.052467296,-1.983088909,0.543229928,-0.777647887,-1.473487969,-1.264565781,-2.502252953,-0.671463735,2022/12/6,1.0507
2.299578832,-5.989848183,-0.924842898,-0.387449726,-1.275184694,0.104483321,0.505362374,1.052467296,-1.823663912,0.509752683,-0.610401515,-1.491176959,-1.324816588,-2.502252953,-0.582699292,2022/12/5,1.0471
2.299578832,-5.989848183,-0.924842898,-0.387449726,-1.275184694,0.104483321,0.69787076,1.052467296,-1.666709131,0.704924055,-0.420065158,-1.49013643,-1.164604215,-2.502252953,-0.466777873,2022/12/2,1.0493
2.299578832,-5.989848183,-0.924842898,-0.387449726,-1.275184694,0.104483321,0.772446081,1.052467296,-1.651866576,0.775351688,-0.342682508,-1.475569026,-1.257719098,-2.502252953,-0.458237209,2022/12/1,1.0542
2.098558147,-6.104392222,-0.924842898,-0.432864631,-1.234332849,0.195925285,0.636302763,1.67199106,-1.66210519,0.637680137,-0.384494102,-1.457880036,-1.489136971,-1.856414802,-0.686089552,2022/11/30,1.0526
2.098558147,-6.104392222,-0.924842898,-0.432864631,-1.234332849,0.195925285,0.585622377,1.67199106,-2.005128177,0.590985652,-0.531146704,-1.487014844,-1.761634939,-1.856414802,-0.897500613,2022/11/29,1.0409
2.098558147,-6.104392222,-0.924842898,-0.432864631,-1.234332849,0.195925285,0.493222205,1.67199106,-1.958571632,0.492676394,-0.591055852,-1.466204267,-1.815039063,-1.856414802,-0.906810951,2022/11/28,1.0331
2.098558147,-6.104392222,-0.924842898,-0.432864631,-1.234332849,0.195925285,0.540723023,1.67199106,-1.833284795,0.544677071,-0.650965001,-1.49013643,-1.771220295,-1.856414802,-0.774132055,2022/11/25,1.0341
2.098558147,-6.104392222,-0.924842898,-0.432864631,-1.234332849,0.195925285,0.480696635,1.67199106,-1.791516376,0.481485154,-0.547372098,-1.635810468,-1.795868352,-1.856414802,-0.817775845,2022/11/23,1.0399
2.098558147,-6.104392222,-0.924842898,-0.432864631,-1.234332849,0.195925285,0.537254404,1.67199106,-1.870085859,0.537537832,-0.359531956,-1.672228977,-1.804084371,-1.856414802,-1.006013285,2022/11/22,1.0398
2.098558147,-6.104392222,-0.924842898,-0.432864631,-1.234332849,0.195925285,0.617707108,1.67199106,-1.97627332,0.612982227,-0.435666499,-1.64309417,-1.921847312,-1.856414802,-1.182552263,2022/11/21,1.0306
2.098558147,-6.104392222,1.107737591,-0.432864631,-1.234332849,0.195925285,0.59149976,1.67199106,-1.890164963,0.601598035,-0.413824622,-1.630607823,-1.756157593,-1.856414802,-1.069185133,2022/11/18,1.0245
2.098558147,-6.104392222,1.107737591,-0.432864631,-1.234332849,0.195925285,0.630425379,1.67199106,-1.890947754,0.638741375,-0.316472256,-1.590027199,-1.598683893,-1.856414802,-1.164392573,2022/11/17,1.0325
2.098558147,-6.104392222,1.107737591,-0.432864631,-1.234332849,0.195925285,0.705867855,1.67199106,-1.863531672,0.711387961,-0.069971073,-1.527595468,-1.328924598,-1.856414802,-1.09936453,2022/11/16,1.0364
2.098558147,-6.104392222,1.107737591,-0.432864631,-1.234332849,0.195925285,0.825920632,1.67199106,-1.739736742,0.833140937,0.013028059,-1.515109122,-1.187882936,-1.856414802,-1.063738865,2022/11/15,1.0396
2.098558147,-6.104392222,1.107737591,-0.432864631,-1.234332849,0.195925285,0.791619839,1.67199106,-1.854633365,0.774290449,-0.052497572,-1.489095901,-1.145433503,-1.856414802,-1.148878957,2022/11/14,1.035
2.098558147,-6.104392222,1.107737591,-0.432864631,-1.234332849,0.195925285,0.74219201,1.67199106,-1.764586971,0.749785492,0.140334999,-1.457880036,-0.882520891,-1.856414802,-1.143256775,2022/11/11,1.0329
2.098558147,-6.104392222,1.107737591,-0.432864631,-1.234332849,0.195925285,0.83073816,1.67199106,-1.912774499,0.833430365,-0.015054354,-1.421461527,-1.307015213,-1.856414802,-1.306136731,2022/11/10,1.0356
2.098558147,-6.104392222,1.107737591,-0.432864631,-1.234332849,0.195925285,0.686501396,1.67199106,-2.451852821,0.687268908,-0.054993786,-1.41833994,-1.456272894,-1.856414802,-1.84464873,2022/11/9,1.021
2.098558147,-6.104392222,1.107737591,-0.432864631,-1.234332849,0.195925285,0.650658994,1.67199106,-2.265523921,0.648774901,0.137214731,-1.456839507,-1.554865124,-1.856414802,-1.742185378,2022/11/8,1.0014
2.098558147,-6.104392222,1.107737591,-0.432864631,-1.234332849,0.195925285,0.374807387,1.67199106,-2.302134424,0.37825561,0.316942176,-1.476609555,-1.763004275,-1.856414802,-1.861400096,2022/11/7,1.0076
2.098558147,-6.104392222,1.107737591,-0.432864631,-1.234332849,0.195925285,0.525114235,1.67199106,-2.365371134,0.527118401,0.368114573,-1.491176959,-1.530217066,-1.856414802,-1.949738993,2022/11/4,1.0023
2.098558147,-6.104392222,1.107737591,-0.432864631,-1.234332849,0.195925285,0.352454061,1.67199106,-2.459103373,0.349795129,0.091034763,-1.525514411,-2.236794712,-1.856414802,-2.412794832,2022/11/3,0.9964
2.098558147,-6.104392222,1.107737591,-0.432864631,-1.234332849,0.195925285,0.308903615,1.67199106,-2.330274498,0.31564255,0.205236577,-1.493258017,-2.102599733,-1.856414802,-2.250449313,2022/11/2,0.9755
2.098558147,-6.104392222,1.107737591,-0.432864631,-1.234332849,0.195925285,0.339735789,1.67199106,-2.070963326,0.349312748,0.103515835,-1.434988402,-2.091645041,-1.856414802,-2.147356368,2022/11/1,0.9821
1.273511896,-6.022186278,1.107737591,-0.448643031,-1.149445899,0.276170274,0.183166156,0.113271535,-2.002034561,0.187039764,-0.011310032,-1.345502921,-2.354557653,-1.792740618,-2.222296992,2022/10/31,0.9875
1.273511896,-6.022186278,1.107737591,-0.448643031,-1.149445899,0.276170274,0.169484379,0.113271535,-1.921059326,0.16677976,0.074185315,-1.271625374,-2.210777318,-1.792740618,-2.168043635,2022/10/28,0.9887
1.273511896,-6.022186278,1.107737591,-0.448643031,-1.149445899,0.276170274,0.355344577,0.113271535,-2.140507696,0.34313827,0.147823643,-1.190464124,-1.773958968,-1.792740618,-2.203946293,2022/10/27,0.9967
1.273511896,-6.022186278,1.107737591,-0.448643031,-1.149445899,0.276170274,0.178830382,0.113271535,-2.014186584,0.179225191,0.074809368,-1.092654413,-1.763004275,-1.792740618,-2.075656611,2022/10/26,0.9966
1.273511896,-6.022186278,1.107737591,-0.448643031,-1.149445899,0.276170274,0.246757515,0.113271535,-1.852581817,0.247144442,-0.086820521,-1.0416685,-2.253226751,-1.792740618,-2.25390087,2022/10/25,1.0081
1.273511896,-6.022186278,1.107737591,-0.448643031,-1.149445899,0.276170274,0.356019031,0.113271535,-2.027207115,0.367160846,-0.13300049,-0.997966289,-2.173805232,-1.792740618,-2.512326144,2022/10/24,0.9968
1.273511896,-6.022186278,1.107737591,-0.448643031,-1.149445899,0.276170274,0.464220692,0.113271535,-2.093015345,0.45562953,-0.103669969,-0.975074654,-2.054672955,-1.792740618,-2.649841817,2022/10/21,0.9876
1.273511896,-6.022186278,1.107737591,-0.448643031,-1.149445899,0.276170274,0.300232067,0.113271535,-2.266484522,0.293356546,-0.045632982,-0.956345135,-2.251857414,-1.792740618,-2.699067968,2022/10/20,0.9864
1.273511896,-6.022186278,1.107737591,-0.448643031,-1.149445899,0.276170274,0.330871539,0.113271535,-2.219967648,0.326544362,-0.072467288,-0.920967155,-2.499707325,-1.792740618,-2.744953398,2022/10/19,0.9787
1.273511896,-6.022186278,1.107737591,-0.448643031,-1.149445899,0.276170274,0.414792863,0.113271535,-2.154869243,0.417231999,-0.242833928,-0.916805039,-2.373728365,-1.792740618,-2.625424364,2022/10/18,0.9775
1.273511896,-6.022186278,1.107737591,-0.448643031,-1.149445899,0.276170274,0.42500602,0.113271535,-2.223302122,0.423792381,-0.07808377,-0.950101962,-2.239533385,-1.792740618,-2.659960989,2022/10/17,0.9856
1.273511896,-6.022186278,1.107737591,-0.448643031,-1.149445899,0.276170274,0.55787342,0.113271535,-2.474370973,0.56049917,-0.068722966,-0.955304606,-2.253226751,-1.792740618,-2.984559095,2022/10/14,0.9842
1.273511896,-6.022186278,1.107737591,-0.448643031,-1.149445899,0.276170274,0.69257148,0.113271535,-2.242180475,0.692864529,0.149695804,-0.976115183,-2.206669309,-1.792740618,-2.956188087,2022/10/13,0.9723
1.273511896,-6.022186278,1.107737591,-0.448643031,-1.149445899,0.276170274,0.877468173,0.113271535,-2.406568576,0.872406754,0.034869936,-0.918886097,-2.269658789,-1.792740618,-3.098001857,2022/10/12,0.9777
1.273511896,-6.022186278,1.107737591,-0.448643031,-1.149445899,0.276170274,0.815707475,0.113271535,-2.400127735,0.80024255,0.164673091,-0.886629703,-2.177913242,-1.792740618,-3.070420006,2022/10/11,0.9708
1.273511896,-6.022186278,1.107737591,-0.448643031,-1.149445899,0.276170274,0.83796445,0.113271535,-2.318015505,0.838350652,0.275754637,-0.845008549,-2.245010732,-1.792740618,-3.016337936,2022/10/10,0.9707
1.273511896,-6.022186278,1.107737591,-0.448643031,-1.149445899,0.276170274,1.028160423,0.113271535,-2.239876026,1.020787164,0.369986734,-0.827319559,-2.357296326,-1.792740618,-2.913740821,2022/10/7,0.9704
1.273511896,-6.022186278,1.107737591,-0.448643031,-1.149445899,0.276170274,1.099267124,0.113271535,-1.941703031,1.100187084,0.108508264,-0.795063165,-2.186129261,-1.792740618,-2.74757275,2022/10/6,0.9745
1.273511896,-6.022186278,1.107737591,-0.448643031,-1.149445899,0.276170274,0.99752095,0.113271535,-1.888340814,0.994835064,0.065448564,-0.79090105,-2.028655561,-1.792740618,-2.564403125,2022/10/5,0.9792
1.273511896,-6.022186278,1.107737591,-0.448643031,-1.149445899,0.276170274,0.922367526,0.113271535,-1.868669753,0.921030763,-0.011934086,-0.927210328,-2.06836632,-1.792740618,-2.3623536,2022/10/4,0.9884
1.273511896,-6.022186278,1.107737591,-0.448643031,-1.149445899,0.276170274,0.936531056,0.113271535,-2.12438434,0.930196003,-0.192285584,-1.007331048,-2.232686703,-1.792740618,-2.897092725,2022/10/3,0.9987
1.126536029,-3.493980989,0.677055326,-0.423555048,-1.133636635,0.490312425,0.594582977,0.540161538,-2.294271809,0.586933651,-0.450643786,-1.036465856,-2.276505472,-1.437984451,-2.986088331,2022/9/30,0.9827
1.126536029,-3.493980989,0.677055326,-0.423555048,-1.133636635,0.490312425,0.567026722,0.540161538,-2.179589833,0.565901837,-0.342058455,-1.039587442,-2.281982818,-1.437984451,-3.071514944,2022/9/29,0.9803
1.126536029,-3.493980989,0.677055326,-0.423555048,-1.133636635,0.490312425,0.694209439,0.540161538,-1.957057765,0.692671576,-0.284645521,-0.995885231,-2.440825854,-1.437984451,-3.005186192,2022/9/28,0.9818
1.126536029,-3.493980989,0.677055326,-0.423555048,-1.133636635,0.490312425,0.627727564,0.540161538,-2.114418462,0.620603848,-0.512425095,-0.987561,-2.602407564,-1.437984451,-3.215389898,2022/9/27,0.9737
1.126536029,-3.493980989,0.677055326,-0.423555048,-1.133636635,0.490312425,0.533978485,0.540161538,-2.133248644,0.52383821,-0.624130695,-0.981317827,-2.628424958,-1.437984451,-3.196885023,2022/9/26,0.9596
1.126536029,-3.493980989,0.677055326,-0.423555048,-1.133636635,0.490312425,0.605374238,0.540161538,-2.087199319,0.608447846,-0.497447808,-0.978196241,-2.469581921,-1.437984451,-3.066308773,2022/9/23,0.9609
1.126536029,-3.493980989,0.677055326,-0.423555048,-1.133636635,0.490312425,0.642661898,0.540161538,-1.94631193,0.635171755,-0.201022335,-1.07808701,-2.121770444,-1.437984451,-2.650212209,2022/9/22,0.9694
1.126536029,-3.493980989,0.677055326,-0.423555048,-1.133636635,0.490312425,0.661161203,0.540161538,-1.837651419,0.660544999,-0.235345285,-1.05103326,-2.084798358,-1.437984451,-2.470820254,2022/9/21,0.984
1.126536029,-3.493980989,0.677055326,-0.423555048,-1.133636635,0.490312425,0.355344577,0.540161538,-1.692527753,0.354136558,-0.141113187,-1.06872225,-1.986206129,-1.437984451,-2.407807288,2022/9/20,0.9839
1.126536029,-3.493980989,0.677055326,-0.423555048,-1.133636635,0.490312425,0.374614686,0.540161538,-1.614624882,0.377580277,-0.061234322,-0.49056716,-1.960188735,-1.437984451,-2.255058435,2022/9/19,0.9974
1.126536029,-3.493980989,0.677055326,-0.423555048,-1.133636635,0.490312425,0.377601553,0.540161538,-1.675984311,0.379895706,-0.099925647,-1.251855326,-1.950603379,-1.437984451,-2.260567083,2022/9/16,1.0026
1.126536029,-3.493980989,0.677055326,-0.423555048,-1.133636635,0.490312425,0.301870026,0.540161538,-1.60234322,0.304065405,-0.100549701,-1.190464124,-2.053303618,-1.437984451,-2.090908846,2022/9/15,1.0019
1.126536029,-3.493980989,0.677055326,-0.423555048,-1.133636635,0.490312425,0.644492559,0.540161538,-1.483811757,0.65031852,0.110380425,-1.208153115,-1.993052811,-1.437984451,-2.03920685,2022/9/14,1.0003
1.126536029,-3.493980989,0.677055326,-0.423555048,-1.133636635,0.490312425,0.717140869,0.540161538,-1.544808482,0.714378723,0.037366151,-1.402732008,-1.895829918,-1.437984451,-1.961344776,2022/9/13,0.9981
1.126536029,-3.493980989,0.677055326,-0.423555048,-1.133636635,0.490312425,0.687079499,0.540161538,-1.096501964,0.681190907,0.066696671,-1.560892391,-1.773958968,-1.437984451,-1.620844142,2022/9/12,0.9974
1.126536029,-3.493980989,0.677055326,-0.423555048,-1.133636635,0.490312425,0.739590545,0.540161538,-1.205670403,0.740330824,0.004915362,-1.605635131,-1.895829918,-1.437984451,-1.914893388,2022/9/9,1.0122
1.126536029,-3.493980989,0.677055326,-0.423555048,-1.133636635,0.490312425,0.730148192,0.540161538,-1.382898391,0.732805679,-0.197902067,-1.642053641,-2.019070205,-1.437984451,-2.143746321,2022/9/8,1.0043
